gene_id	SRR8239989	SRR8239990	SRR8239991	SRR8239992	SRR8239993	SRR8239994	SRR8239995	SRR8239996	SRR8239997	SRR10357366	SRR10357367	SRR10357368	SRR10357369	SRR10357370	SRR10357371	SRR10357372	SRR10357373	SRR10357374	SRR10357375	SRR10357376	SRR10357377	SRR10357378	SRR10357379	SRR10357380	SRR10357381	SRR10357382	SRR10357383	SRR10357384	SRR10357385	SRR10357386	SRR10357387	SRR10357388	SRR10357389	SRR10357390	SRR10357391	SRR10357392	GSM4432378	GSM4432379	GSM4432380	GSM4432381	GSM4432382	GSM4432383	GSM4432384	GSM4432385	GSM4432386	GSM4432387	GSM4432388	GSM4432389	GSM432030	GSM432031	GSM432032	GSM432033	GSM432034	GSM432209	GSM432210	GSM432211	GSM432212	GSM432213	GSM432241	GSM432331	GSM432332	GSM432333	GSM432360	GSM432361	GSM432393	GSM432394	GSM823177	GSM823178	GSM823179	GSM823180	GSM823181	GSM823182	GSM823183	GSM823184	GSM823185	GSM823186	GSM823187	GSM823188	GSM823189	GSM823190	GSM823191	GSM823192	GSM823193	GSM823194	GSM823195	GSM823196	GSM823197	GSM823198	GSM823199	GSM823200	GSM823201	GSM823202	GSM823203	GSM823204	GSM823205	GSM823206	GSM823207	GSM823208	GSM823209	GSM823210	GSM823211	GSM823212	GSM823213	GSM823214	GSM823215	GSM823216	GSM823217	GSM823218	GSM823219	GSM823220	GSM823221	GSM823222	GSM823223	GSM823224	GSM823225	GSM823226	GSM823227	GSM823228	GSM823229	GSM823230	GSM823231	GSM823232	GSM823233	GSM823234	GSM823235	GSM823236	GSM823237	GSM823238	GSM823239	GSM823240	GSM823241	GSM823242	GSM1096511	GSM1096512	GSM1096513	GSM1096514	GSM1096515	GSM1096516	GSM1096517	GSM1096518	GSM1096519	GSM1096520	GSM1096521	GSM1096522	GSM1096523	GSM1096524	GSM1096525	GSM1096526	GSM1096527	GSM1096528	GSM1096529	GSM1096530	GSM1096531	GSM1096532	GSM1096533	GSM1096534	GSM1096535	GSM1096536	GSM1096537	GSM1096538	GSM1096539	GSM1096540	GSM1096541	GSM1096542	SAMN02689047	SAMN02689051	SAMN02689052	SAMN02689053	SAMN02689055	SAMN02689056	SAMN02689135	SAMN02689136	SAMN02689137	SAMN02689138	SAMN02689139	SAMN02689142	SAMN02689146	SAMN02689147	SAMN02689148	SAMN02689157	SAMN02689158	SAMN02689161	SAMN02689162	SAMN02689163	SAMN02689191	SAMN02689265	SAMN02689319	SAMN02689416	SAMN02689489	GSM1366711	GSM1366712	GSM1366713	GSM1366714	GSM1366715	GSM1366716	GSM1366717	GSM1366718	GSM1366719	GSM1366720	GSM1366721	GSM1366722	GSM1366723	GSM1366724	GSM1366725	GSM1366726	GSM1366727	GSM1366728	GSM1366729	GSM1366730	GSM1366731	GSM1366732	GSM1366733	GSM1366734	GSM1366735	GSM1366736	GSM1366737	GSM1366738	GSM1366739	GSM1366740	GSM1366741	GSM1366742	GSM1366743
C1orf112	16.365943863671	16.5104289685484	16.6992229926226	17.0297933696644	17.2506871727851	16.6537780583844	15.9467119619291	16.073475846347	16.198821963335	17.9740751519073	17.9824650817	18.0033901574374	17.8605355667078	17.6670470212949	17.7153845820717	18.0991564299843	18.0633781227612	17.6645678909427	16.4566738499267	16.9167610128601	11.359441171097	17.0767491732829	17.7237439651476	17.914599797906	17.8851035865141	17.9299948984906	17.8314302596138	16.9286754577329	16.2234236521775	16.6065795913714	16.3589898896603	16.1700734506366	16.251423924431	17.3057983803645	17.645910512457	17.3019699981573	13.8182893124733	13.7286630285415	13.7847066903502	14.2804967790546	14.0014013318934	14.0074512997534	15.7690970969252	15.8744640086722	15.6391125318302	15.8148720177267	15.5815987418221	15.7566579678039	NA	NA	NA	NA	NA	NA	NA	NA	NA	NA	NA	NA	NA	NA	NA	NA	NA	NA	NA	NA	NA	NA	NA	NA	NA	NA	NA	NA	NA	NA	NA	NA	NA	NA	NA	NA	NA	NA	NA	NA	NA	NA	NA	NA	NA	NA	NA	NA	NA	NA	NA	NA	NA	NA	NA	NA	NA	NA	NA	NA	NA	NA	NA	NA	NA	NA	NA	NA	NA	NA	NA	NA	NA	NA	NA	NA	NA	NA	NA	NA	NA	NA	NA	NA	NA	NA	NA	NA	NA	NA	NA	NA	NA	NA	NA	NA	NA	NA	NA	NA	NA	NA	NA	NA	NA	NA	NA	NA	NA	NA	NA	NA	NA	NA	NA	NA	15.7107327140799	15.5168669682291	15.8327432293425	15.6831767604111	15.8150545276478	15.2540194547582	15.1770215080704	15.5553567327476	15.6117351698209	15.3492339533414	15.3586527965413	15.4098676955992	15.1936042120747	14.4632907938631	15.0052722604917	15.2523503958058	15.2375008985723	14.9318451087617	14.5028086445156	14.553666818803	15.0724987997207	15.225263959869	15.0683924230136	14.6386946679631	14.654061301727	NA	NA	NA	NA	NA	NA	NA	NA	NA	NA	NA	NA	NA	NA	NA	NA	NA	NA	NA	NA	NA	NA	NA	NA	NA	NA	NA	NA	NA	NA	NA	NA	NA
CFH	12.4246752017644	12.260147870717	11.4497827566557	11.210721545211	10.8209856852712	11.3422326472055	12.5564595928086	12.1235425728284	11.6896867195006	12.1025110076618	12.0501423773052	11.9652395210719	13.342062399556	12.5095512315	11.7198212709099	13.298710956512	13.6820146409815	12.7946636121188	11.359441171097	16.7584609613591	11.359441171097	11.359441171097	11.359441171097	11.359441171097	11.359441171097	11.359441171097	19.133517043188	11.8827752137807	11.7458185380362	12.2546009173889	13.2140870125838	14.2580679907655	11.5245490127895	14.6064579949884	12.6796475484738	13.9532673404364	17.7174434623423	17.754448536445	17.8197870512355	18.0635605053294	17.8963768689865	17.9890194790825	16.1469437313709	16.1319145032229	15.2444431996905	16.6756058339127	16.4246127794163	16.3099372407717	NA	NA	NA	NA	NA	NA	NA	NA	NA	NA	NA	NA	NA	NA	NA	NA	NA	NA	NA	NA	NA	NA	NA	NA	NA	NA	NA	NA	NA	NA	NA	NA	NA	NA	NA	NA	NA	NA	NA	NA	NA	NA	NA	NA	NA	NA	NA	NA	NA	NA	NA	NA	NA	NA	NA	NA	NA	NA	NA	NA	NA	NA	NA	NA	NA	NA	NA	NA	NA	NA	NA	NA	NA	NA	NA	NA	NA	NA	NA	NA	NA	NA	NA	NA	NA	NA	NA	NA	NA	NA	NA	NA	NA	NA	NA	NA	NA	NA	NA	NA	NA	NA	NA	NA	NA	NA	NA	NA	NA	NA	NA	NA	NA	NA	NA	NA	15.8390986530601	15.8232209182295	15.7137745677473	16.0386215669244	15.993290137075	16.3167996563616	16.3947841768386	15.9382798324247	16.0725505939974	15.5041327519857	15.952045859112	15.9125877535801	16.4001009450591	16.5227443939985	16.1955097503029	16.4720747846293	16.8580170492756	16.5071817451688	16.8285459302197	16.7690642896247	16.7629981756072	16.8602238405749	16.9150723209709	17.3221214870538	17.0034733400297	NA	NA	NA	NA	NA	NA	NA	NA	NA	NA	NA	NA	NA	NA	NA	NA	NA	NA	NA	NA	NA	NA	NA	NA	NA	NA	NA	NA	NA	NA	NA	NA	NA
DPM1	17.9068442682515	18.1102455466673	18.1125899417711	16.9313618050716	16.8256198654395	16.5783210046315	17.8910594935666	17.9815912733742	17.9517468753538	18.0574077035625	17.8238221380609	17.9097319202109	17.2516628375821	17.5737210415374	17.5025111492674	16.5619080006742	16.5598861874481	16.731074851933	19.7068657643776	18.2688571278449	18.3969457927733	19.5500141816126	17.635353294789	11.359441171097	11.359441171097	11.359441171097	16.5122817331577	17.2374854519542	16.9441655497138	16.3494281056843	16.2677749776094	15.8292492056677	16.5063044014444	18.0327228956643	18.0634530060251	17.8465705989295	17.1437180974666	16.9708924589839	17.2276344233855	17.4159793868983	17.2407421349907	17.2014499170896	16.7287445924949	16.8209631218411	16.6523053593463	16.8114041046793	16.8740648873796	16.9023436465645	NA	NA	NA	NA	NA	NA	NA	NA	NA	NA	NA	NA	NA	NA	NA	NA	NA	NA	NA	NA	NA	NA	NA	NA	NA	NA	NA	NA	NA	NA	NA	NA	NA	NA	NA	NA	NA	NA	NA	NA	NA	NA	NA	NA	NA	NA	NA	NA	NA	NA	NA	NA	NA	NA	NA	NA	NA	NA	NA	NA	NA	NA	NA	NA	NA	NA	NA	NA	NA	NA	NA	NA	NA	NA	NA	NA	NA	NA	NA	NA	NA	NA	NA	NA	NA	NA	NA	NA	NA	NA	NA	NA	NA	NA	NA	NA	NA	NA	NA	NA	NA	NA	NA	NA	NA	NA	NA	NA	NA	NA	NA	NA	NA	NA	NA	NA	17.0181946490792	16.7386910805096	17.0195942848685	17.0347966313871	17.0278861140361	17.0746215548488	17.1453731949617	17.0595862135836	16.9472609870172	16.9622245693783	16.7582196519125	16.8148195852324	16.998449442358	17.4834081330326	16.9801906884086	17.2895891423022	17.4216077714172	17.3209670876158	17.3415456517418	17.4442782504434	17.1711106092636	17.1587744568384	17.0457194420238	17.5366414711448	17.515126534819	NA	NA	NA	NA	NA	NA	NA	NA	NA	NA	NA	NA	NA	NA	NA	NA	NA	NA	NA	NA	NA	NA	NA	NA	NA	NA	NA	NA	NA	NA	NA	NA	NA
FGR	8.80510925230856	8.80510925230856	8.80510925230856	8.80510925230856	8.80510925230856	8.80510925230856	8.80510925230856	8.80510925230856	8.80510925230856	11.359441171097	11.359441171097	11.359441171097	11.359441171097	11.4444403284548	11.359441171097	11.9418912911316	12.2933303537442	11.359441171097	11.359441171097	11.359441171097	11.359441171097	11.359441171097	11.359441171097	16.2100259972879	14.104200210419	11.359441171097	11.359441171097	11.359441171097	11.359441171097	11.359441171097	11.359441171097	11.359441171097	11.359441171097	11.359441171097	11.6138670205402	11.359441171097	9.89190944534252	9.14832019942143	9.30228770917301	9.69187999293683	9.72285419340809	9.69352570088067	8.75370532696864	8.75370532696864	8.75370532696864	8.75370532696864	9.66255671241462	8.75370532696864	NA	NA	NA	NA	NA	NA	NA	NA	NA	NA	NA	NA	NA	NA	NA	NA	NA	NA	NA	NA	NA	NA	NA	NA	NA	NA	NA	NA	NA	NA	NA	NA	NA	NA	NA	NA	NA	NA	NA	NA	NA	NA	NA	NA	NA	NA	NA	NA	NA	NA	NA	NA	NA	NA	NA	NA	NA	NA	NA	NA	NA	NA	NA	NA	NA	NA	NA	NA	NA	NA	NA	NA	NA	NA	NA	NA	NA	NA	NA	NA	NA	NA	NA	NA	NA	NA	NA	NA	NA	NA	NA	NA	NA	NA	NA	NA	NA	NA	NA	NA	NA	NA	NA	NA	NA	NA	NA	NA	NA	NA	NA	NA	NA	NA	NA	NA	7.37947739923122	7.37947739923122	8.95763356487688	10.8178739744711	9.25059661678402	7.37947739923122	7.37947739923122	7.37947739923122	8.12070506680837	7.37947739923122	8.17786795585869	8.73115450872749	7.37947739923122	7.94644595806372	7.93929046722316	7.37947739923122	7.60948410704568	7.63609899456606	7.65253416683941	8.75216273272435	8.50036516106271	8.47381481556181	7.37947739923122	7.62301294951737	7.37947739923122	NA	NA	NA	NA	NA	NA	NA	NA	NA	NA	NA	NA	NA	NA	NA	NA	NA	NA	NA	NA	NA	NA	NA	NA	NA	NA	NA	NA	NA	NA	NA	NA	NA
FUCA2	17.4381239372026	17.4995014169541	17.4032877607425	18.0479683072536	17.9971734975705	18.0376115679277	17.4679979372449	17.4352472840694	17.6408874125886	19.2104055488552	19.0294588495377	19.4433582715963	18.8376611820771	18.9408504527554	19.0272600586999	19.128335843637	18.9620598559648	18.8231681384559	16.4766534716437	15.6756204971921	11.359441171097	11.359441171097	16.4643390882101	11.359441171097	13.795320573207	11.359441171097	16.5718000343475	15.8040999894661	16.019474303846	15.7770767863299	16.0956702464433	16.2745270958868	16.5317588233753	16.7607735449271	16.9855379107719	16.9585066341811	16.6581105586429	16.7740802069374	16.6464666996883	16.9458688010744	17.0514970718283	17.0711823829154	17.7812912488768	17.7860968728874	17.9128373023101	17.4780156025839	17.7696073910775	17.8901382237991	NA	NA	NA	NA	NA	NA	NA	NA	NA	NA	NA	NA	NA	NA	NA	NA	NA	NA	NA	NA	NA	NA	NA	NA	NA	NA	NA	NA	NA	NA	NA	NA	NA	NA	NA	NA	NA	NA	NA	NA	NA	NA	NA	NA	NA	NA	NA	NA	NA	NA	NA	NA	NA	NA	NA	NA	NA	NA	NA	NA	NA	NA	NA	NA	NA	NA	NA	NA	NA	NA	NA	NA	NA	NA	NA	NA	NA	NA	NA	NA	NA	NA	NA	NA	NA	NA	NA	NA	NA	NA	NA	NA	NA	NA	NA	NA	NA	NA	NA	NA	NA	NA	NA	NA	NA	NA	NA	NA	NA	NA	NA	NA	NA	NA	NA	NA	19.4757027100352	18.7508176222773	18.6770421437677	18.6431812900758	18.6621074029499	18.6436446503952	18.6357909214107	19.274335664521	18.7088982681299	18.8561274526109	18.8389382382994	19.1514312950623	18.6104272954367	18.6474054808167	18.72885825544	18.6184324886911	18.6114025024634	18.7425042063938	18.6178730005484	18.6649583824531	18.624175889714	18.6537371281644	18.593748098886	18.5255033391853	18.49055347786	NA	NA	NA	NA	NA	NA	NA	NA	NA	NA	NA	NA	NA	NA	NA	NA	NA	NA	NA	NA	NA	NA	NA	NA	NA	NA	NA	NA	NA	NA	NA	NA	NA
GCLC	17.2352375531521	17.1674984964318	17.2324960563363	17.0922698710095	17.4172606246395	17.0799041019578	17.6795619506454	17.5927653417095	17.9102453014932	17.1278907259782	16.8667625886715	16.6260888283695	17.5837579948512	17.9935875156259	17.7967914138095	16.952100190329	16.8551403265615	17.0709295514037	11.359441171097	17.059309424318	17.5476209645165	16.2392453598691	16.6776916050212	17.5010436465012	17.5476209645165	16.3090837425653	17.6148489936845	17.4945394417059	17.4924011007693	17.6411556663671	17.6503241318123	17.6078183492679	17.6671386018192	17.5169096794431	17.8429036765779	17.3325435120223	18.7244641514037	18.7289028577427	18.7674311466459	18.6899796181618	18.6701722656497	18.7080760275327	18.4984910021176	18.2502839706932	18.5248461959344	18.1260983294684	18.4720228524223	18.4407910761627	NA	NA	NA	NA	NA	NA	NA	NA	NA	NA	NA	NA	NA	NA	NA	NA	NA	NA	NA	NA	NA	NA	NA	NA	NA	NA	NA	NA	NA	NA	NA	NA	NA	NA	NA	NA	NA	NA	NA	NA	NA	NA	NA	NA	NA	NA	NA	NA	NA	NA	NA	NA	NA	NA	NA	NA	NA	NA	NA	NA	NA	NA	NA	NA	NA	NA	NA	NA	NA	NA	NA	NA	NA	NA	NA	NA	NA	NA	NA	NA	NA	NA	NA	NA	NA	NA	NA	NA	NA	NA	NA	NA	NA	NA	NA	NA	NA	NA	NA	NA	NA	NA	NA	NA	NA	NA	NA	NA	NA	NA	NA	NA	NA	NA	NA	NA	16.660461094518	16.5494854240348	17.0530479954922	16.6888903401677	16.9407616900791	17.1495288534	17.1149824237302	16.9233749134946	16.9266496298993	16.6006803091578	16.5319866998009	16.9542143485061	17.3556971605748	17.0472071300853	17.1068841614022	17.041255867427	17.1197499174986	16.6886398337381	17.3295055378859	16.6223379910052	17.1419881685693	17.2242076586828	17.3801887688162	17.4743643929745	17.2974714723065	NA	NA	NA	NA	NA	NA	NA	NA	NA	NA	NA	NA	NA	NA	NA	NA	NA	NA	NA	NA	NA	NA	NA	NA	NA	NA	NA	NA	NA	NA	NA	NA	NA
SCYL3	15.7190536989162	15.6390623583614	15.8248628264161	17.0628586434588	17.1304729284958	16.8433074555188	15.6939445460822	15.8061535288423	15.8245747301547	15.9213651085098	15.8832393910062	15.7885963326174	16.0257536044661	15.9333417993106	16.03599281605	17.1070786658944	17.5523166786725	17.2906287084295	16.1898398132803	16.951168430506	11.359441171097	17.5530966288851	11.359441171097	14.8726572031036	16.321545077239	16.038154012237	15.4099327675437	16.4818374737762	16.489307188941	16.0332003363855	16.0042527092977	16.1874108800493	15.9510857830079	16.4146965757585	16.468458400254	16.95189415949	14.9913124564962	14.6418558351184	14.6134190680045	15.1321212473289	15.2916401087925	15.1551983270304	14.7862567475474	14.7777300411496	14.8341649136655	14.7470883331502	14.9397186996058	14.6096551721421	NA	NA	NA	NA	NA	NA	NA	NA	NA	NA	NA	NA	NA	NA	NA	NA	NA	NA	NA	NA	NA	NA	NA	NA	NA	NA	NA	NA	NA	NA	NA	NA	NA	NA	NA	NA	NA	NA	NA	NA	NA	NA	NA	NA	NA	NA	NA	NA	NA	NA	NA	NA	NA	NA	NA	NA	NA	NA	NA	NA	NA	NA	NA	NA	NA	NA	NA	NA	NA	NA	NA	NA	NA	NA	NA	NA	NA	NA	NA	NA	NA	NA	NA	NA	NA	NA	NA	NA	NA	NA	NA	NA	NA	NA	NA	NA	NA	NA	NA	NA	NA	NA	NA	NA	NA	NA	NA	NA	NA	NA	NA	NA	NA	NA	NA	NA	16.4593055220137	15.8851363783055	16.9776140308644	17.0339272571978	16.9535039861216	15.1830897529974	15.2699802611159	15.6296163345947	17.0171389016426	17.1013227382784	15.950379691789	17.1711763475183	15.1741463337316	15.164775095997	15.1404015907993	15.1514891648086	15.1681272451272	14.9758963092692	15.2643356192537	15.0632044829654	15.170359631397	15.2880593942867	15.2907722706563	15.3988029737142	15.113482260301	NA	NA	NA	NA	NA	NA	NA	NA	NA	NA	NA	NA	NA	NA	NA	NA	NA	NA	NA	NA	NA	NA	NA	NA	NA	NA	NA	NA	NA	NA	NA	NA	NA
TNMD	8.80510925230856	8.80510925230856	8.80510925230856	8.80510925230856	8.80510925230856	8.80510925230856	8.80510925230856	8.80510925230856	8.80510925230856	11.359441171097	11.359441171097	11.359441171097	11.359441171097	11.359441171097	11.359441171097	11.359441171097	11.359441171097	11.359441171097	11.359441171097	11.359441171097	11.359441171097	11.359441171097	11.359441171097	11.359441171097	13.4093459363632	16.0360011136322	11.359441171097	11.359441171097	11.359441171097	11.359441171097	11.359441171097	12.9795152909174	11.359441171097	11.359441171097	11.359441171097	11.359441171097	8.75370532696864	8.75370532696864	8.75370532696864	8.75370532696864	8.75370532696864	8.75370532696864	8.75370532696864	8.75370532696864	8.75370532696864	8.75370532696864	8.75370532696864	8.75370532696864	NA	NA	NA	NA	NA	NA	NA	NA	NA	NA	NA	NA	NA	NA	NA	NA	NA	NA	NA	NA	NA	NA	NA	NA	NA	NA	NA	NA	NA	NA	NA	NA	NA	NA	NA	NA	NA	NA	NA	NA	NA	NA	NA	NA	NA	NA	NA	NA	NA	NA	NA	NA	NA	NA	NA	NA	NA	NA	NA	NA	NA	NA	NA	NA	NA	NA	NA	NA	NA	NA	NA	NA	NA	NA	NA	NA	NA	NA	NA	NA	NA	NA	NA	NA	NA	NA	NA	NA	NA	NA	NA	NA	NA	NA	NA	NA	NA	NA	NA	NA	NA	NA	NA	NA	NA	NA	NA	NA	NA	NA	NA	NA	NA	NA	NA	NA	7.37947739923122	7.37947739923122	7.37947739923122	7.37947739923122	8.21609633341283	7.37947739923122	7.37947739923122	7.37947739923122	7.37947739923122	7.37947739923122	7.37947739923122	7.37947739923122	7.37947739923122	7.37947739923122	7.37947739923122	7.37947739923122	7.37947739923122	7.37947739923122	7.37947739923122	7.37947739923122	7.37947739923122	7.37947739923122	7.37947739923122	7.37947739923122	7.76018203323681	NA	NA	NA	NA	NA	NA	NA	NA	NA	NA	NA	NA	NA	NA	NA	NA	NA	NA	NA	NA	NA	NA	NA	NA	NA	NA	NA	NA	NA	NA	NA	NA	NA
TSPAN6	18.1610586729371	18.1572862807145	18.146974941144	16.892958369958	17.1931996320958	16.6770299432954	18.0051430141811	17.836496808392	18.1091013192596	18.372360323816	18.3822753303249	18.2490789828903	17.6896175629159	17.9029450585419	17.700600589983	16.3575883305976	16.2620121494341	16.6679572469353	19.0342621983172	19.5328912884655	19.22768557529	17.0631035230027	19.612855892485	11.359441171097	11.359441171097	11.359441171097	18.3992318012645	16.3605831789816	16.0777699762695	15.7311694518986	15.9310930394824	16.2614903685241	16.0954720719915	16.2567723951396	16.282569269455	15.9907531701325	15.1632952562578	15.5164616386734	15.352723646711	15.7504166999673	15.1010965672699	15.5718057236181	17.1601965843187	16.9107266516495	16.6530696343354	17.1507746926021	16.977792457669	17.0156202037957	NA	NA	NA	NA	NA	NA	NA	NA	NA	NA	NA	NA	NA	NA	NA	NA	NA	NA	NA	NA	NA	NA	NA	NA	NA	NA	NA	NA	NA	NA	NA	NA	NA	NA	NA	NA	NA	NA	NA	NA	NA	NA	NA	NA	NA	NA	NA	NA	NA	NA	NA	NA	NA	NA	NA	NA	NA	NA	NA	NA	NA	NA	NA	NA	NA	NA	NA	NA	NA	NA	NA	NA	NA	NA	NA	NA	NA	NA	NA	NA	NA	NA	NA	NA	NA	NA	NA	NA	NA	NA	NA	NA	NA	NA	NA	NA	NA	NA	NA	NA	NA	NA	NA	NA	NA	NA	NA	NA	NA	NA	NA	NA	NA	NA	NA	NA	16.8517818233717	16.0723366014179	15.9558734194203	16.1376066794085	16.1020581371278	16.5892844151829	16.4676120920468	16.9643522228317	16.1145731305551	16.2171930392815	16.1656880617552	16.1634366273728	16.6013471565282	16.6469084506468	16.6745943471495	16.4250014680322	16.4557173097831	16.3359445846791	16.5458983227309	16.5842578092188	16.4283302181002	16.3786226701713	16.5022972053533	16.7088588920086	16.4769105594425	NA	NA	NA	NA	NA	NA	NA	NA	NA	NA	NA	NA	NA	NA	NA	NA	NA	NA	NA	NA	NA	NA	NA	NA	NA	NA	NA	NA	NA	NA	NA	NA	NA
CXCL11	NA	NA	NA	NA	NA	NA	NA	NA	NA	NA	NA	NA	NA	NA	NA	NA	NA	NA	NA	NA	NA	NA	NA	NA	NA	NA	NA	NA	NA	NA	NA	NA	NA	NA	NA	NA	NA	NA	NA	NA	NA	NA	NA	NA	NA	NA	NA	NA	6.60915437357153	6.66223561742388	6.64617771679698	6.43136716309297	6.22572402203011	6.41517555434311	6.50924513977231	6.39654493836486	6.41429780194837	6.42188531882861	6.44161009744564	6.5490963718293	6.56953603805058	6.63940703199985	6.35033819613125	6.57747102710558	6.51456398198777	6.94264892513237	NA	NA	NA	NA	NA	NA	NA	NA	NA	NA	NA	NA	NA	NA	NA	NA	NA	NA	NA	NA	NA	NA	NA	NA	NA	NA	NA	NA	NA	NA	NA	NA	NA	NA	NA	NA	NA	NA	NA	NA	NA	NA	NA	NA	NA	NA	NA	NA	NA	NA	NA	NA	NA	NA	NA	NA	NA	NA	NA	NA	NA	NA	NA	NA	NA	NA	NA	NA	NA	NA	NA	NA	NA	NA	NA	NA	NA	NA	NA	NA	NA	NA	NA	NA	NA	NA	NA	NA	NA	NA	NA	NA	NA	NA	NA	NA	NA	NA	NA	NA	NA	NA	NA	NA	NA	NA	NA	NA	NA	NA	NA	NA	NA	NA	NA	NA	NA	NA	NA	NA	NA	NA	NA	NA	NA	NA	NA	NA	NA	NA	NA	NA	NA	NA	NA	NA	NA	NA	NA	NA	NA	NA	NA	NA	NA	NA	NA	NA	NA	NA	NA	NA	NA	NA	NA	NA
DHRS2	NA	NA	NA	NA	NA	NA	NA	NA	NA	NA	NA	NA	NA	NA	NA	NA	NA	NA	NA	NA	NA	NA	NA	NA	NA	NA	NA	NA	NA	NA	NA	NA	NA	NA	NA	NA	NA	NA	NA	NA	NA	NA	NA	NA	NA	NA	NA	NA	8.62900626981994	8.59281589854903	8.53229811224809	8.73025501255844	8.46758806081248	8.63319618416966	8.58894571807376	8.28826625717786	8.41657736012379	8.73304404327148	8.86554566794142	8.62324847535096	8.46157810857768	8.50120198668311	8.61629176664959	8.55979026901728	8.83724542565391	8.77866056684942	NA	NA	NA	NA	NA	NA	NA	NA	NA	NA	NA	NA	NA	NA	NA	NA	NA	NA	NA	NA	NA	NA	NA	NA	NA	NA	NA	NA	NA	NA	NA	NA	NA	NA	NA	NA	NA	NA	NA	NA	NA	NA	NA	NA	NA	NA	NA	NA	NA	NA	NA	NA	NA	NA	NA	NA	NA	NA	NA	NA	NA	NA	NA	NA	NA	NA	NA	NA	NA	NA	NA	NA	NA	NA	NA	NA	NA	NA	NA	NA	NA	NA	NA	NA	NA	NA	NA	NA	NA	NA	NA	NA	NA	NA	NA	NA	NA	NA	NA	NA	NA	NA	NA	NA	NA	NA	NA	NA	NA	NA	NA	NA	NA	NA	NA	NA	NA	NA	NA	NA	NA	NA	NA	NA	NA	NA	NA	NA	NA	NA	NA	NA	NA	NA	NA	NA	NA	NA	NA	NA	NA	NA	NA	NA	NA	NA	NA	NA	NA	NA	NA	NA	NA	NA	NA	NA
EGR1	NA	NA	NA	NA	NA	NA	NA	NA	NA	NA	NA	NA	NA	NA	NA	NA	NA	NA	NA	NA	NA	NA	NA	NA	NA	NA	NA	NA	NA	NA	NA	NA	NA	NA	NA	NA	NA	NA	NA	NA	NA	NA	NA	NA	NA	NA	NA	NA	6.60131496079184	6.42367361823892	6.72872862117559	6.54364224846079	6.67020542100365	6.64235876878845	6.54390312078275	6.60444458969528	6.52284753166494	6.52353999326789	6.48107464409555	6.56030459457116	6.73249320395044	6.78662052849834	6.85132703290188	6.46010834697507	6.75640879546807	6.65761954875696	NA	NA	NA	NA	NA	NA	NA	NA	NA	NA	NA	NA	NA	NA	NA	NA	NA	NA	NA	NA	NA	NA	NA	NA	NA	NA	NA	NA	NA	NA	NA	NA	NA	NA	NA	NA	NA	NA	NA	NA	NA	NA	NA	NA	NA	NA	NA	NA	NA	NA	NA	NA	NA	NA	NA	NA	NA	NA	NA	NA	NA	NA	NA	NA	NA	NA	NA	NA	NA	NA	NA	NA	NA	NA	NA	NA	NA	NA	NA	NA	NA	NA	NA	NA	NA	NA	NA	NA	NA	NA	NA	NA	NA	NA	NA	NA	NA	NA	NA	NA	NA	NA	NA	NA	NA	NA	NA	NA	NA	NA	NA	NA	NA	NA	NA	NA	NA	NA	NA	NA	NA	NA	NA	NA	NA	NA	NA	NA	NA	NA	NA	NA	NA	NA	NA	NA	NA	NA	NA	NA	NA	NA	NA	NA	NA	NA	NA	NA	NA	NA	NA	NA	NA	NA	NA	NA
EGR4	NA	NA	NA	NA	NA	NA	NA	NA	NA	NA	NA	NA	NA	NA	NA	NA	NA	NA	NA	NA	NA	NA	NA	NA	NA	NA	NA	NA	NA	NA	NA	NA	NA	NA	NA	NA	NA	NA	NA	NA	NA	NA	NA	NA	NA	NA	NA	NA	8.90993142021236	8.76878675764716	8.91404248892972	8.82992534337556	8.93753390361406	8.87526174667481	8.98700958178984	8.74032221697646	9.08432509520437	8.98966754997151	8.6532976251962	8.64023238910911	8.79692964322115	8.83672938328164	8.7125607759409	8.75925944061538	8.71368797643897	8.3466246985213	NA	NA	NA	NA	NA	NA	NA	NA	NA	NA	NA	NA	NA	NA	NA	NA	NA	NA	NA	NA	NA	NA	NA	NA	NA	NA	NA	NA	NA	NA	NA	NA	NA	NA	NA	NA	NA	NA	NA	NA	NA	NA	NA	NA	NA	NA	NA	NA	NA	NA	NA	NA	NA	NA	NA	NA	NA	NA	NA	NA	NA	NA	NA	NA	NA	NA	NA	NA	NA	NA	NA	NA	NA	NA	NA	NA	NA	NA	NA	NA	NA	NA	NA	NA	NA	NA	NA	NA	NA	NA	NA	NA	NA	NA	NA	NA	NA	NA	NA	NA	NA	NA	NA	NA	NA	NA	NA	NA	NA	NA	NA	NA	NA	NA	NA	NA	NA	NA	NA	NA	NA	NA	NA	NA	NA	NA	NA	NA	NA	NA	NA	NA	NA	NA	NA	NA	NA	NA	NA	NA	NA	NA	NA	NA	NA	NA	NA	NA	NA	NA	NA	NA	NA	NA	NA	NA
IFITM1	NA	NA	NA	NA	NA	NA	NA	NA	NA	NA	NA	NA	NA	NA	NA	NA	NA	NA	NA	NA	NA	NA	NA	NA	NA	NA	NA	NA	NA	NA	NA	NA	NA	NA	NA	NA	NA	NA	NA	NA	NA	NA	NA	NA	NA	NA	NA	NA	5.27124735217938	5.27878608055247	5.33147552853082	5.16799227436122	5.5356170072811	5.02907200495821	5.2202241570297	5.27986177436916	5.0446852479368	5.23174088498486	5.25642632890651	5.48888908344985	5.30347149837432	5.36091299630739	5.32750429252558	5.51411224492695	5.15389741166678	5.51536850085243	NA	NA	NA	NA	NA	NA	NA	NA	NA	NA	NA	NA	NA	NA	NA	NA	NA	NA	NA	NA	NA	NA	NA	NA	NA	NA	NA	NA	NA	NA	NA	NA	NA	NA	NA	NA	NA	NA	NA	NA	NA	NA	NA	NA	NA	NA	NA	NA	NA	NA	NA	NA	NA	NA	NA	NA	NA	NA	NA	NA	NA	NA	NA	NA	NA	NA	NA	NA	NA	NA	NA	NA	NA	NA	NA	NA	NA	NA	NA	NA	NA	NA	NA	NA	NA	NA	NA	NA	NA	NA	NA	NA	NA	NA	NA	NA	NA	NA	NA	NA	NA	NA	NA	NA	NA	NA	NA	NA	NA	NA	NA	NA	NA	NA	NA	NA	NA	NA	NA	NA	NA	NA	NA	NA	NA	NA	NA	NA	NA	NA	NA	NA	NA	NA	NA	NA	NA	NA	NA	NA	NA	NA	NA	NA	NA	NA	NA	NA	NA	NA	NA	NA	NA	NA	NA	NA
IFNB1	NA	NA	NA	NA	NA	NA	NA	NA	NA	NA	NA	NA	NA	NA	NA	NA	NA	NA	NA	NA	NA	NA	NA	NA	NA	NA	NA	NA	NA	NA	NA	NA	NA	NA	NA	NA	NA	NA	NA	NA	NA	NA	NA	NA	NA	NA	NA	NA	6.68569068617402	6.68939397857483	6.33418301045005	6.59195098546216	6.2968025625937	6.14150640594296	6.52958369227019	6.49005076516998	6.44819705122767	6.48245770728331	6.48553487946349	6.54221346367824	6.47429738601912	6.46591503446862	6.09983844777115	6.24659173467008	6.39281106304947	6.58544137388146	NA	NA	NA	NA	NA	NA	NA	NA	NA	NA	NA	NA	NA	NA	NA	NA	NA	NA	NA	NA	NA	NA	NA	NA	NA	NA	NA	NA	NA	NA	NA	NA	NA	NA	NA	NA	NA	NA	NA	NA	NA	NA	NA	NA	NA	NA	NA	NA	NA	NA	NA	NA	NA	NA	NA	NA	NA	NA	NA	NA	NA	NA	NA	NA	NA	NA	NA	NA	NA	NA	NA	NA	NA	NA	NA	NA	NA	NA	NA	NA	NA	NA	NA	NA	NA	NA	NA	NA	NA	NA	NA	NA	NA	NA	NA	NA	NA	NA	NA	NA	NA	NA	NA	NA	NA	NA	NA	NA	NA	NA	NA	NA	NA	NA	NA	NA	NA	NA	NA	NA	NA	NA	NA	NA	NA	NA	NA	NA	NA	NA	NA	NA	NA	NA	NA	NA	NA	NA	NA	NA	NA	NA	NA	NA	NA	NA	NA	NA	NA	NA	NA	NA	NA	NA	NA	NA
PTX3	NA	NA	NA	NA	NA	NA	NA	NA	NA	NA	NA	NA	NA	NA	NA	NA	NA	NA	NA	NA	NA	NA	NA	NA	NA	NA	NA	NA	NA	NA	NA	NA	NA	NA	NA	NA	NA	NA	NA	NA	NA	NA	NA	NA	NA	NA	NA	NA	6.79554467515832	6.56630998007596	6.52622468899663	6.53270404449295	6.53109730914642	6.23935218698955	6.42738127209842	6.33172447533788	6.26373447709675	6.34549642995812	6.53535130253538	6.74917767977277	6.50744095845628	6.60457922666953	6.74707440531868	6.8401106937556	6.55000198978492	6.55223911429452	NA	NA	NA	NA	NA	NA	NA	NA	NA	NA	NA	NA	NA	NA	NA	NA	NA	NA	NA	NA	NA	NA	NA	NA	NA	NA	NA	NA	NA	NA	NA	NA	NA	NA	NA	NA	NA	NA	NA	NA	NA	NA	NA	NA	NA	NA	NA	NA	NA	NA	NA	NA	NA	NA	NA	NA	NA	NA	NA	NA	NA	NA	NA	NA	NA	NA	NA	NA	NA	NA	NA	NA	NA	NA	NA	NA	NA	NA	NA	NA	NA	NA	NA	NA	NA	NA	NA	NA	NA	NA	NA	NA	NA	NA	NA	NA	NA	NA	NA	NA	NA	NA	NA	NA	NA	NA	NA	NA	NA	NA	NA	NA	NA	NA	NA	NA	NA	NA	NA	NA	NA	NA	NA	NA	NA	NA	NA	NA	NA	NA	NA	NA	NA	NA	NA	NA	NA	NA	NA	NA	NA	NA	NA	NA	NA	NA	NA	NA	NA	NA	NA	NA	NA	NA	NA	NA
RSAD2	NA	NA	NA	NA	NA	NA	NA	NA	NA	NA	NA	NA	NA	NA	NA	NA	NA	NA	NA	NA	NA	NA	NA	NA	NA	NA	NA	NA	NA	NA	NA	NA	NA	NA	NA	NA	NA	NA	NA	NA	NA	NA	NA	NA	NA	NA	NA	NA	8.51409464844943	8.58505008513668	8.58001268844496	8.49806023788047	8.61317176206899	8.80241410648554	8.58292610247896	8.60050415520347	8.7611431762801	8.66424919583357	8.59632388545986	8.535573308559	8.54144400113692	8.68822947209132	8.62084202732313	8.5309052601201	8.66005582174281	8.54180491853501	NA	NA	NA	NA	NA	NA	NA	NA	NA	NA	NA	NA	NA	NA	NA	NA	NA	NA	NA	NA	NA	NA	NA	NA	NA	NA	NA	NA	NA	NA	NA	NA	NA	NA	NA	NA	NA	NA	NA	NA	NA	NA	NA	NA	NA	NA	NA	NA	NA	NA	NA	NA	NA	NA	NA	NA	NA	NA	NA	NA	NA	NA	NA	NA	NA	NA	NA	NA	NA	NA	NA	NA	NA	NA	NA	NA	NA	NA	NA	NA	NA	NA	NA	NA	NA	NA	NA	NA	NA	NA	NA	NA	NA	NA	NA	NA	NA	NA	NA	NA	NA	NA	NA	NA	NA	NA	NA	NA	NA	NA	NA	NA	NA	NA	NA	NA	NA	NA	NA	NA	NA	NA	NA	NA	NA	NA	NA	NA	NA	NA	NA	NA	NA	NA	NA	NA	NA	NA	NA	NA	NA	NA	NA	NA	NA	NA	NA	NA	NA	NA	NA	NA	NA	NA	NA	NA
TRIM22	NA	NA	NA	NA	NA	NA	NA	NA	NA	NA	NA	NA	NA	NA	NA	NA	NA	NA	NA	NA	NA	NA	NA	NA	NA	NA	NA	NA	NA	NA	NA	NA	NA	NA	NA	NA	NA	NA	NA	NA	NA	NA	NA	NA	NA	NA	NA	NA	8.33669002699032	8.47854006425534	8.43268874061347	8.48232409592762	8.48124395640717	8.65933139268751	8.68342744023891	8.70654609272359	8.82612680710799	8.65211606981782	8.4255405295234	8.52993780692083	8.47484185309422	8.6402353392508	8.58351558965433	8.2665769661287	8.80150979644669	8.60134522828624	NA	NA	NA	NA	NA	NA	NA	NA	NA	NA	NA	NA	NA	NA	NA	NA	NA	NA	NA	NA	NA	NA	NA	NA	NA	NA	NA	NA	NA	NA	NA	NA	NA	NA	NA	NA	NA	NA	NA	NA	NA	NA	NA	NA	NA	NA	NA	NA	NA	NA	NA	NA	NA	NA	NA	NA	NA	NA	NA	NA	NA	NA	NA	NA	NA	NA	NA	NA	NA	NA	NA	NA	NA	NA	NA	NA	NA	NA	NA	NA	NA	NA	NA	NA	NA	NA	NA	NA	NA	NA	NA	NA	NA	NA	NA	NA	NA	NA	NA	NA	NA	NA	NA	NA	NA	NA	NA	NA	NA	NA	NA	NA	NA	NA	NA	NA	NA	NA	NA	NA	NA	NA	NA	NA	NA	NA	NA	NA	NA	NA	NA	NA	NA	NA	NA	NA	NA	NA	NA	NA	NA	NA	NA	NA	NA	NA	NA	NA	NA	NA	NA	NA	NA	NA	NA	NA
CREB5	NA	NA	NA	NA	NA	NA	NA	NA	NA	NA	NA	NA	NA	NA	NA	NA	NA	NA	NA	NA	NA	NA	NA	NA	NA	NA	NA	NA	NA	NA	NA	NA	NA	NA	NA	NA	NA	NA	NA	NA	NA	NA	NA	NA	NA	NA	NA	NA	NA	NA	NA	NA	NA	NA	NA	NA	NA	NA	NA	NA	NA	NA	NA	NA	NA	NA	11.0989542147292	10.9989215889436	11.1199236074884	10.7752735652421	9.9535791900691	10.6543885339518	10.8144307434937	10.2906079772542	11.2457282519209	10.7346005775874	11.2586217956076	10.853805728808	11.1644022531209	10.546134454378	10.2682938831238	10.8154712386738	9.77308299672699	11.6194801234631	10.6919285292069	10.6433232778522	10.1360104233354	10.5281173804696	11.0261042250353	11.3080739566035	10.0793736662513	11.0779334144651	10.925897175499	11.2616275065219	10.6007541407788	11.3171770447947	10.6200045523033	9.91303671833077	11.2720642024181	10.7491266389873	9.95529765480796	10.0392929543977	11.1557214280522	11.056037236915	10.0724168550488	10.1921713703829	11.2461017780186	10.8688108654144	10.5915860947222	9.96245240501143	10.8244525444237	11.1760267221676	10.3623340605064	10.3653117089485	11.669589725087	11.2685464305762	11.8641245769067	11.4799639415443	11.9499634612647	11.9086101140961	10.4981352507059	10.7821264382857	11.5999410107469	11.1800315706799	10.9559910703534	10.6570612617669	10.7139267051292	11.421877550356	10.4818261819615	11.0476506636731	10.6792934860825	11.1436755076438	NA	NA	NA	NA	NA	NA	NA	NA	NA	NA	NA	NA	NA	NA	NA	NA	NA	NA	NA	NA	NA	NA	NA	NA	NA	NA	NA	NA	NA	NA	NA	NA	NA	NA	NA	NA	NA	NA	NA	NA	NA	NA	NA	NA	NA	NA	NA	NA	NA	NA	NA	NA	NA	NA	NA	NA	NA	NA	NA	NA	NA	NA	NA	NA	NA	NA	NA	NA	NA	NA	NA	NA	NA	NA	NA	NA	NA	NA	NA	NA	NA	NA	NA	NA	NA	NA	NA	NA	NA	NA
FADS2	NA	NA	NA	NA	NA	NA	NA	NA	NA	NA	NA	NA	NA	NA	NA	NA	NA	NA	NA	NA	NA	NA	NA	NA	NA	NA	NA	NA	NA	NA	NA	NA	NA	NA	NA	NA	NA	NA	NA	NA	NA	NA	NA	NA	NA	NA	NA	NA	NA	NA	NA	NA	NA	NA	NA	NA	NA	NA	NA	NA	NA	NA	NA	NA	NA	NA	9.45144529656475	9.30863206289203	9.24531861213676	8.6222737213319	9.14838028374078	8.95633215252065	9.11754472262639	9.16322081728924	9.09127509132709	9.0680453874231	8.89630946667013	8.90547817634279	9.6528721268033	9.68722986092348	9.8524644865291	9.62704328585797	9.85024604286584	9.51449739007185	9.62917030962014	9.47039697342718	9.62045589467273	9.59554005255635	9.59998326255532	9.65616074318703	9.65475128548349	9.42551792353833	9.45488343271755	9.36217629771687	9.59719198553991	9.46174297163396	9.84885407744843	9.7427751251164	9.23236641488494	9.28890102021063	9.57932308103154	9.46702654048287	8.91791449701905	8.94344721054709	8.9677939137876	9.29740265303337	9.150958862236	9.06147347736218	9.19984891621587	9.38341793712897	9.22202643157298	9.46505616783118	9.45627662291928	9.58137892448957	9.19996971576206	9.27056964431326	9.16100778716476	9.06453865119169	9.11654087586835	9.20518232622864	9.5317506534044	9.20965643340899	9.15337929867964	9.21768236912783	9.28142077125594	9.31439442220196	9.17921169425509	8.90066100758941	9.32389065535209	9.16946953339089	9.09841097599374	9.34008611490568	NA	NA	NA	NA	NA	NA	NA	NA	NA	NA	NA	NA	NA	NA	NA	NA	NA	NA	NA	NA	NA	NA	NA	NA	NA	NA	NA	NA	NA	NA	NA	NA	NA	NA	NA	NA	NA	NA	NA	NA	NA	NA	NA	NA	NA	NA	NA	NA	NA	NA	NA	NA	NA	NA	NA	NA	NA	NA	NA	NA	NA	NA	NA	NA	NA	NA	NA	NA	NA	NA	NA	NA	NA	NA	NA	NA	NA	NA	NA	NA	NA	NA	NA	NA	NA	NA	NA	NA	NA	NA
HSPA6	NA	NA	NA	NA	NA	NA	NA	NA	NA	NA	NA	NA	NA	NA	NA	NA	NA	NA	NA	NA	NA	NA	NA	NA	NA	NA	NA	NA	NA	NA	NA	NA	NA	NA	NA	NA	NA	NA	NA	NA	NA	NA	NA	NA	NA	NA	NA	NA	NA	NA	NA	NA	NA	NA	NA	NA	NA	NA	NA	NA	NA	NA	NA	NA	NA	NA	9.4421738280986	9.37134764893164	9.42500922143717	9.45259225258332	9.18566385475975	9.36420099343965	9.27831745329401	9.13935755378199	9.17581414048409	9.60250205016551	9.75386882619086	9.45478219888409	10.3804405669916	10.4953099623227	10.4813101959217	10.4498286476015	10.5741885411915	10.387552298517	10.1488232033406	10.0362881076165	10.0926170122188	9.56010843613634	9.95193592248332	9.87195772633667	9.36295663995852	9.4772676581362	9.29385478389307	9.18995555730777	8.99883613578225	9.26422932577269	8.81373261480864	8.47344440156908	8.64544009862737	9.53318222803291	9.38206721011959	9.36515427145517	9.42856637509739	9.36759676033568	9.10338716415332	9.07547914948802	9.27854625415737	9.27041921840764	9.48198285230561	9.55851493008769	9.47423598693857	10.3250370906936	10.0573097489571	10.1527313655682	10.614877122803	10.5277509582272	10.4097043218095	10.8589846766786	11.0948899204035	10.9904531929782	11.4327237837716	11.4755837564864	11.5793016505709	11.3533515303501	11.2917288423434	10.967439155618	11.1188280383129	11.2574369532076	11.024851086734	11.2471273522774	11.194761517174	11.0700243548948	NA	NA	NA	NA	NA	NA	NA	NA	NA	NA	NA	NA	NA	NA	NA	NA	NA	NA	NA	NA	NA	NA	NA	NA	NA	NA	NA	NA	NA	NA	NA	NA	NA	NA	NA	NA	NA	NA	NA	NA	NA	NA	NA	NA	NA	NA	NA	NA	NA	NA	NA	NA	NA	NA	NA	NA	NA	NA	NA	NA	NA	NA	NA	NA	NA	NA	NA	NA	NA	NA	NA	NA	NA	NA	NA	NA	NA	NA	NA	NA	NA	NA	NA	NA	NA	NA	NA	NA	NA	NA
IFNL2	NA	NA	NA	NA	NA	NA	NA	NA	NA	NA	NA	NA	NA	NA	NA	NA	NA	NA	NA	NA	NA	NA	NA	NA	NA	NA	NA	NA	NA	NA	NA	NA	NA	NA	NA	NA	NA	NA	NA	NA	NA	NA	NA	NA	NA	NA	NA	NA	NA	NA	NA	NA	NA	NA	NA	NA	NA	NA	NA	NA	NA	NA	NA	NA	NA	NA	14.164804339886	14.1342752293657	14.0856383035476	14.16005887695	13.9103077092539	13.961202745315	14.1137340280804	14.0072132636568	14.1370066423808	14.2034161369798	14.0650370201586	14.0856383035476	13.9393016371011	13.9481303416031	14.1679289504867	13.9606688921029	13.8342072153135	13.9193589599643	13.9554109079344	13.8748432672578	13.8230755760702	13.8653440083745	14.0618758972684	13.7556184807853	13.8170458728511	13.7200702146508	13.9108733672321	13.8301669031589	13.9000624475346	13.8890802891532	13.9544097615466	13.6980600632353	13.7469490820869	14.0259488216094	14.0133015227955	13.9114388035117	14.0072132636568	13.9412296606637	13.8586677535708	14.1023229567743	14.0501021742255	14.1350586515354	13.9544097615466	13.8944450269793	14.1288605344901	13.6304436412952	13.4929052469514	13.6221435314789	13.4709755947624	13.2638604642854	13.3517747623415	13.3177316413167	13.2213422392301	13.2287629033875	13.2471914264682	13.087514951359	13.2583139640353	13.4422415831956	13.4147983297618	12.4278752826866	13.4124270063818	13.3898574071559	13.433956822753	13.9427610646301	13.7342709942224	13.8964685862611	NA	NA	NA	NA	NA	NA	NA	NA	NA	NA	NA	NA	NA	NA	NA	NA	NA	NA	NA	NA	NA	NA	NA	NA	NA	NA	NA	NA	NA	NA	NA	NA	NA	NA	NA	NA	NA	NA	NA	NA	NA	NA	NA	NA	NA	NA	NA	NA	NA	NA	NA	NA	NA	NA	NA	NA	NA	NA	NA	NA	NA	NA	NA	NA	NA	NA	NA	NA	NA	NA	NA	NA	NA	NA	NA	NA	NA	NA	NA	NA	NA	NA	NA	NA	NA	NA	NA	NA	NA	NA
IL6	NA	NA	NA	NA	NA	NA	NA	NA	NA	NA	NA	NA	NA	NA	NA	NA	NA	NA	NA	NA	NA	NA	NA	NA	NA	NA	NA	NA	NA	NA	NA	NA	NA	NA	NA	NA	NA	NA	NA	NA	NA	NA	NA	NA	NA	NA	NA	NA	NA	NA	NA	NA	NA	NA	NA	NA	NA	NA	NA	NA	NA	NA	NA	NA	NA	NA	6.97380605945477	6.87423622608215	7.1676462218801	6.95185867594134	6.7173648595103	6.91220891597451	6.79785799800998	6.60435666705671	6.78899015464904	6.78046520380857	6.92120981715153	6.76024111146928	7.10121965615494	6.90707274257434	6.70327439984512	6.88217986027356	6.8698041230965	7.10392356695085	7.00638983700648	6.75002174699165	6.67006606909757	6.76627792217822	6.92714943459232	6.99580996907837	6.74233495718433	6.96004582500634	6.92283213947754	6.87712143098335	6.7616519617195	6.92912388534526	6.75923251590185	6.82462129619364	6.98316636289032	7.12990742510918	6.88361526266325	6.8329858838555	6.97636884355749	6.8462976580483	6.5823986204642	6.64516713492707	6.86075780800996	6.81178821606304	6.86226164349283	6.65999589242998	6.8621207254885	6.74697229533655	6.63481105017172	6.69485909320883	6.46846977203227	6.45868623239448	6.61465408024218	6.21696626840747	6.39608577945276	6.35715208915027	6.13427073164802	6.04720655252882	6.36844032076082	6.11894107272351	5.87297796011839	6.50731414226223	6.24670461612546	6.20546005064879	6.17310925790959	6.27556019132849	6.1554315650158	6.20405236247564	NA	NA	NA	NA	NA	NA	NA	NA	NA	NA	NA	NA	NA	NA	NA	NA	NA	NA	NA	NA	NA	NA	NA	NA	NA	NA	NA	NA	NA	NA	NA	NA	NA	NA	NA	NA	NA	NA	NA	NA	NA	NA	NA	NA	NA	NA	NA	NA	NA	NA	NA	NA	NA	NA	NA	NA	NA	NA	NA	NA	NA	NA	NA	NA	NA	NA	NA	NA	NA	NA	NA	NA	NA	NA	NA	NA	NA	NA	NA	NA	NA	NA	NA	NA	NA	NA	NA	NA	NA	NA
PLA2G4F	NA	NA	NA	NA	NA	NA	NA	NA	NA	NA	NA	NA	NA	NA	NA	NA	NA	NA	NA	NA	NA	NA	NA	NA	NA	NA	NA	NA	NA	NA	NA	NA	NA	NA	NA	NA	NA	NA	NA	NA	NA	NA	NA	NA	NA	NA	NA	NA	NA	NA	NA	NA	NA	NA	NA	NA	NA	NA	NA	NA	NA	NA	NA	NA	NA	NA	7.87316443915192	7.71861071022753	7.67488773624227	7.59296661343429	7.36214308229961	7.4315925715122	7.44011412635805	7.36367020055622	7.4796884165014	7.55490856249133	7.5401280385821	7.45912108783671	7.72347995953916	7.63497601444391	7.56149046319402	7.64164126504524	7.53197212379617	7.52801005429882	7.58743659471242	7.58791954322767	7.47922909113189	7.83581117751133	7.70114891090016	7.9100748520758	7.51781848694864	7.77842563666452	7.72580517903356	7.79606419693944	7.52682523507986	7.78389114996866	7.79626088673213	7.57983017570376	7.56007223962928	7.76230653063507	7.59579431924132	7.48917896203135	7.43216224379636	7.16946953339089	7.13551497065648	7.32547581927642	7.47640869193865	7.46504070328719	7.55493762359784	7.45089880637795	7.41394840685406	7.27121541262624	7.12423882863297	7.23354705361701	7.22961996518512	7.06462030008053	7.04984854945056	7.13621438381721	7.22458641229138	6.73952492611448	7.09847079211425	6.88278197709471	7.19505524016083	7.16078820687019	6.92679015304622	7.30485254850841	7.10440020206588	7.04116132725654	7.11744633715468	7.16052084661299	7.32799485988776	7.00187728724067	NA	NA	NA	NA	NA	NA	NA	NA	NA	NA	NA	NA	NA	NA	NA	NA	NA	NA	NA	NA	NA	NA	NA	NA	NA	NA	NA	NA	NA	NA	NA	NA	NA	NA	NA	NA	NA	NA	NA	NA	NA	NA	NA	NA	NA	NA	NA	NA	NA	NA	NA	NA	NA	NA	NA	NA	NA	NA	NA	NA	NA	NA	NA	NA	NA	NA	NA	NA	NA	NA	NA	NA	NA	NA	NA	NA	NA	NA	NA	NA	NA	NA	NA	NA	NA	NA	NA	NA	NA	NA
PNPLA5	NA	NA	NA	NA	NA	NA	NA	NA	NA	NA	NA	NA	NA	NA	NA	NA	NA	NA	NA	NA	NA	NA	NA	NA	NA	NA	NA	NA	NA	NA	NA	NA	NA	NA	NA	NA	NA	NA	NA	NA	NA	NA	NA	NA	NA	NA	NA	NA	NA	NA	NA	NA	NA	NA	NA	NA	NA	NA	NA	NA	NA	NA	NA	NA	NA	NA	10.3090973455529	10.3804405669916	10.4140285151893	10.203658519615	10.4266459662358	10.3680434125899	10.6222806552156	10.6007541407788	9.96418769338458	10.5298519959329	10.690609814711	10.6744631393308	10.3795301578064	10.49001516158	10.4890496879414	10.3463458354103	10.5524762537614	10.3335069156707	10.4480302437254	10.4231079498135	10.5488437964927	10.4835638881251	10.3708029709931	10.4533174071806	10.5764771892756	10.3530883330622	10.3699690503595	10.4256291782167	10.69587416124	10.5246307510491	10.6388815277312	10.8066228496611	10.4120886436918	10.3130419055654	10.6626683755175	10.6839648827125	10.2049045483352	10.1309897426153	10.3545749760707	10.4120886436918	10.3747513507974	10.4274795154552	10.5473838668594	10.7515535684904	10.5074718232886	10.1426195891869	10.182450786937	10.3135014740681	9.65155457838721	9.73547909863807	9.73034147332011	9.90306018740877	9.70036089742149	9.5316620557273	9.91089252616602	9.65867807563562	9.65372721004204	9.53491445150013	9.63203820374036	9.46216141139287	9.94999246728133	9.67148745684822	9.87195772633667	9.95631014965279	9.98474209992704	10.0676482495283	NA	NA	NA	NA	NA	NA	NA	NA	NA	NA	NA	NA	NA	NA	NA	NA	NA	NA	NA	NA	NA	NA	NA	NA	NA	NA	NA	NA	NA	NA	NA	NA	NA	NA	NA	NA	NA	NA	NA	NA	NA	NA	NA	NA	NA	NA	NA	NA	NA	NA	NA	NA	NA	NA	NA	NA	NA	NA	NA	NA	NA	NA	NA	NA	NA	NA	NA	NA	NA	NA	NA	NA	NA	NA	NA	NA	NA	NA	NA	NA	NA	NA	NA	NA	NA	NA	NA	NA	NA	NA
RGR	NA	NA	NA	NA	NA	NA	NA	NA	NA	NA	NA	NA	NA	NA	NA	NA	NA	NA	NA	NA	NA	NA	NA	NA	NA	NA	NA	NA	NA	NA	NA	NA	NA	NA	NA	NA	NA	NA	NA	NA	NA	NA	NA	NA	NA	NA	NA	NA	NA	NA	NA	NA	NA	NA	NA	NA	NA	NA	NA	NA	NA	NA	NA	NA	NA	NA	9.00181332901481	8.91869386512388	9.0708731051921	8.80408211875324	8.98377095865971	8.96593728965873	8.79549856436782	8.9472162981045	8.83014303954377	9.03729735274341	9.03996792374874	8.99318500661895	9.1423778515513	9.19927265610941	9.17992793387098	9.29067342133105	9.14502508779517	9.16748467173719	9.19859386111785	9.20720848618508	9.08430509984901	9.21726009631905	9.14106208881551	9.21723255249435	9.30597535581926	9.05143554816268	9.13442632022093	9.1824131648273	9.27976884360398	9.1460961273517	9.40443199912358	9.34261346452877	9.04627657481679	8.95090930929232	9.12408213743394	9.03283886379131	8.8621207254885	8.8212908289048	8.79295046985374	8.75179762167493	8.81044992016507	8.92400268318548	8.97804955454572	9.16427843830117	9.10374478817718	8.67445979555218	8.79229733487548	8.86368179809718	8.49503735279696	8.57215472442054	8.53506914475127	8.65189426783355	8.59603441885857	8.42177795757555	8.73284835126916	8.60494627279931	8.74638708027856	8.68991857813649	8.52960801832509	8.75759204273695	8.76642851927025	8.5069085976127	8.85476215303076	8.76533633402435	9.03652747702636	8.99707253462656	NA	NA	NA	NA	NA	NA	NA	NA	NA	NA	NA	NA	NA	NA	NA	NA	NA	NA	NA	NA	NA	NA	NA	NA	NA	NA	NA	NA	NA	NA	NA	NA	NA	NA	NA	NA	NA	NA	NA	NA	NA	NA	NA	NA	NA	NA	NA	NA	NA	NA	NA	NA	NA	NA	NA	NA	NA	NA	NA	NA	NA	NA	NA	NA	NA	NA	NA	NA	NA	NA	NA	NA	NA	NA	NA	NA	NA	NA	NA	NA	NA	NA	NA	NA	NA	NA	NA	NA	NA	NA
ZBTB47	NA	NA	NA	NA	NA	NA	NA	NA	NA	NA	NA	NA	NA	NA	NA	NA	NA	NA	NA	NA	NA	NA	NA	NA	NA	NA	NA	NA	NA	NA	NA	NA	NA	NA	NA	NA	NA	NA	NA	NA	NA	NA	NA	NA	NA	NA	NA	NA	NA	NA	NA	NA	NA	NA	NA	NA	NA	NA	NA	NA	NA	NA	NA	NA	NA	NA	13.7619136675697	13.9051253968065	14.0047381149763	13.9711253362455	14.3656902136613	14.280020873848	14.149351580179	14.2006020060236	13.9520424055784	13.9645792131211	14.0562346652847	14.1541631486595	13.7763548288862	13.8779513125529	13.8799915980562	13.7575224391219	13.9449400876754	13.60963697699	13.6886473599442	13.7311827271939	13.7694817769206	13.5617061497954	13.3250157897937	13.4786231321243	13.7926963369038	13.5557672528752	13.4967809751959	13.4757238369142	13.9362547977271	13.5017363660914	13.7422116541899	14.0542033337722	13.6846689377262	14.0191733092404	14.3189126067523	14.3232665520029	14.0784596520712	14.0756636807554	14.3133355953129	13.9917965338561	13.9492740514353	13.9745636949189	14.0019471716853	14.2767972063751	14.090185364765	13.6057093315937	13.8643715649738	13.7647143919796	13.4596955172752	13.5640213477263	13.5870999443527	13.5904280954944	13.3320487369584	13.4967809751959	13.3943063763152	13.2570596522497	13.1409846536246	13.1986903531658	13.3168214769652	12.9842606574242	13.4546390966367	13.2545835396336	13.4329906363624	13.2744774287678	13.476656080621	13.5359178208633	NA	NA	NA	NA	NA	NA	NA	NA	NA	NA	NA	NA	NA	NA	NA	NA	NA	NA	NA	NA	NA	NA	NA	NA	NA	NA	NA	NA	NA	NA	NA	NA	NA	NA	NA	NA	NA	NA	NA	NA	NA	NA	NA	NA	NA	NA	NA	NA	NA	NA	NA	NA	NA	NA	NA	NA	NA	NA	NA	NA	NA	NA	NA	NA	NA	NA	NA	NA	NA	NA	NA	NA	NA	NA	NA	NA	NA	NA	NA	NA	NA	NA	NA	NA	NA	NA	NA	NA	NA	NA
CELF4	NA	NA	NA	NA	NA	NA	NA	NA	NA	NA	NA	NA	NA	NA	NA	NA	NA	NA	NA	NA	NA	NA	NA	NA	NA	NA	NA	NA	NA	NA	NA	NA	NA	NA	NA	NA	NA	NA	NA	NA	NA	NA	NA	NA	NA	NA	NA	NA	NA	NA	NA	NA	NA	NA	NA	NA	NA	NA	NA	NA	NA	NA	NA	NA	NA	NA	NA	NA	NA	NA	NA	NA	NA	NA	NA	NA	NA	NA	NA	NA	NA	NA	NA	NA	NA	NA	NA	NA	NA	NA	NA	NA	NA	NA	NA	NA	NA	NA	NA	NA	NA	NA	NA	NA	NA	NA	NA	NA	NA	NA	NA	NA	NA	NA	NA	NA	NA	NA	NA	NA	NA	NA	NA	NA	NA	NA	NA	NA	NA	NA	NA	NA	6.02652344251977	5.98013957763916	5.56890615450208	5.82177398197057	5.87113518424305	5.85681455250301	5.75321674917896	6.08131698928577	5.5230718269404	5.99081307915361	5.97405602262563	5.96108788999733	6.05358654363917	5.80211241858607	5.82257083095017	5.84392105128903	5.97208230856246	5.4093909361377	5.88264304936184	5.63934070865223	5.60362634498619	5.69435788722145	6.03101190743771	6.00772811463225	6.01854794187165	5.60501644791136	5.99506046703272	5.94104760634058	5.78504371477972	5.63390340934852	6.01854794187165	5.97871045910636	NA	NA	NA	NA	NA	NA	NA	NA	NA	NA	NA	NA	NA	NA	NA	NA	NA	NA	NA	NA	NA	NA	NA	NA	NA	NA	NA	NA	NA	NA	NA	NA	NA	NA	NA	NA	NA	NA	NA	NA	NA	NA	NA	NA	NA	NA	NA	NA	NA	NA	NA	NA	NA	NA	NA	NA	NA	NA
LCE2B	NA	NA	NA	NA	NA	NA	NA	NA	NA	NA	NA	NA	NA	NA	NA	NA	NA	NA	NA	NA	NA	NA	NA	NA	NA	NA	NA	NA	NA	NA	NA	NA	NA	NA	NA	NA	NA	NA	NA	NA	NA	NA	NA	NA	NA	NA	NA	NA	NA	NA	NA	NA	NA	NA	NA	NA	NA	NA	NA	NA	NA	NA	NA	NA	NA	NA	NA	NA	NA	NA	NA	NA	NA	NA	NA	NA	NA	NA	NA	NA	NA	NA	NA	NA	NA	NA	NA	NA	NA	NA	NA	NA	NA	NA	NA	NA	NA	NA	NA	NA	NA	NA	NA	NA	NA	NA	NA	NA	NA	NA	NA	NA	NA	NA	NA	NA	NA	NA	NA	NA	NA	NA	NA	NA	NA	NA	NA	NA	NA	NA	NA	NA	9.48280795672667	9.68458427003991	10.1216346902288	9.83187625180799	9.64447596465488	9.77066389291676	9.68744403266743	9.61135626084491	10.1601077731026	9.93985465168611	9.21767376425809	9.64682587199775	9.64664308239733	9.89185488707271	10.0988751089688	9.27823164361436	9.41732511767992	10.4319872121907	9.7932984823513	10.0187869803564	9.73402155140489	9.5580170513842	9.82284464616817	9.46232652609572	9.84040913965949	9.65749989168832	9.59889576488012	9.87857783712884	9.90519894596281	9.7567126755081	9.75507012344033	9.32548114283311	NA	NA	NA	NA	NA	NA	NA	NA	NA	NA	NA	NA	NA	NA	NA	NA	NA	NA	NA	NA	NA	NA	NA	NA	NA	NA	NA	NA	NA	NA	NA	NA	NA	NA	NA	NA	NA	NA	NA	NA	NA	NA	NA	NA	NA	NA	NA	NA	NA	NA	NA	NA	NA	NA	NA	NA	NA	NA
QPRT	NA	NA	NA	NA	NA	NA	NA	NA	NA	NA	NA	NA	NA	NA	NA	NA	NA	NA	NA	NA	NA	NA	NA	NA	NA	NA	NA	NA	NA	NA	NA	NA	NA	NA	NA	NA	NA	NA	NA	NA	NA	NA	NA	NA	NA	NA	NA	NA	NA	NA	NA	NA	NA	NA	NA	NA	NA	NA	NA	NA	NA	NA	NA	NA	NA	NA	NA	NA	NA	NA	NA	NA	NA	NA	NA	NA	NA	NA	NA	NA	NA	NA	NA	NA	NA	NA	NA	NA	NA	NA	NA	NA	NA	NA	NA	NA	NA	NA	NA	NA	NA	NA	NA	NA	NA	NA	NA	NA	NA	NA	NA	NA	NA	NA	NA	NA	NA	NA	NA	NA	NA	NA	NA	NA	NA	NA	NA	NA	NA	NA	NA	NA	11.4616912636209	11.4017961686668	10.3892448033014	11.117734403176	11.2621545036298	11.3559016383284	11.4025624432141	11.7109207537135	10.3538015700072	11.3324081217933	11.6186901900809	11.2356029173466	11.5265909329413	11.2531272869988	11.1558657389635	11.3765748045337	11.6489613875572	10.3121207172203	11.4958394159232	11.2293539662961	11.0574206557444	10.3936585914548	11.1776141890198	11.2966025901829	11.8369564408617	10.515576652096	11.6440393327935	11.4310404868938	11.3564605674921	10.1779255760526	11.4794605663352	11.4676931050569	NA	NA	NA	NA	NA	NA	NA	NA	NA	NA	NA	NA	NA	NA	NA	NA	NA	NA	NA	NA	NA	NA	NA	NA	NA	NA	NA	NA	NA	NA	NA	NA	NA	NA	NA	NA	NA	NA	NA	NA	NA	NA	NA	NA	NA	NA	NA	NA	NA	NA	NA	NA	NA	NA	NA	NA	NA	NA
SLA	NA	NA	NA	NA	NA	NA	NA	NA	NA	NA	NA	NA	NA	NA	NA	NA	NA	NA	NA	NA	NA	NA	NA	NA	NA	NA	NA	NA	NA	NA	NA	NA	NA	NA	NA	NA	NA	NA	NA	NA	NA	NA	NA	NA	NA	NA	NA	NA	NA	NA	NA	NA	NA	NA	NA	NA	NA	NA	NA	NA	NA	NA	NA	NA	NA	NA	NA	NA	NA	NA	NA	NA	NA	NA	NA	NA	NA	NA	NA	NA	NA	NA	NA	NA	NA	NA	NA	NA	NA	NA	NA	NA	NA	NA	NA	NA	NA	NA	NA	NA	NA	NA	NA	NA	NA	NA	NA	NA	NA	NA	NA	NA	NA	NA	NA	NA	NA	NA	NA	NA	NA	NA	NA	NA	NA	NA	NA	NA	NA	NA	NA	NA	9.36094993424738	9.68682877299425	9.2686699190473	9.68897420738571	9.68967044596322	9.83101028094652	9.86303681333244	9.39897744303031	9.30431566743063	9.2870449787447	9.50088854983727	9.48307572773156	9.54641219511935	9.22105839869737	9.49022413575955	9.09782639211188	9.42392017492254	9.23223353254544	9.33532056319156	9.74534606723718	9.80433272618762	9.12323228093639	9.62545201135669	9.45323847657661	9.24060502170249	8.83905612479791	9.20198986619377	9.83548299128873	9.81024526438656	9.1955260046462	9.63202959480391	9.56606890756017	NA	NA	NA	NA	NA	NA	NA	NA	NA	NA	NA	NA	NA	NA	NA	NA	NA	NA	NA	NA	NA	NA	NA	NA	NA	NA	NA	NA	NA	NA	NA	NA	NA	NA	NA	NA	NA	NA	NA	NA	NA	NA	NA	NA	NA	NA	NA	NA	NA	NA	NA	NA	NA	NA	NA	NA	NA	NA
SLC22A23	NA	NA	NA	NA	NA	NA	NA	NA	NA	NA	NA	NA	NA	NA	NA	NA	NA	NA	NA	NA	NA	NA	NA	NA	NA	NA	NA	NA	NA	NA	NA	NA	NA	NA	NA	NA	NA	NA	NA	NA	NA	NA	NA	NA	NA	NA	NA	NA	NA	NA	NA	NA	NA	NA	NA	NA	NA	NA	NA	NA	NA	NA	NA	NA	NA	NA	NA	NA	NA	NA	NA	NA	NA	NA	NA	NA	NA	NA	NA	NA	NA	NA	NA	NA	NA	NA	NA	NA	NA	NA	NA	NA	NA	NA	NA	NA	NA	NA	NA	NA	NA	NA	NA	NA	NA	NA	NA	NA	NA	NA	NA	NA	NA	NA	NA	NA	NA	NA	NA	NA	NA	NA	NA	NA	NA	NA	NA	NA	NA	NA	NA	NA	10.0231804006103	9.78071917049549	9.7314516255788	9.8007482634089	9.89212772598191	9.35119806463468	9.41683050763877	10.0846319424522	9.6715134243747	9.64371529470738	9.43554004792677	9.86316994068255	9.89081050503604	9.55329929848028	9.52423561182431	9.99953763655191	10.0028809267038	9.58598944483414	9.85868526413882	9.50475692956031	9.79788946176815	9.8390930420396	9.76616653296547	9.46381170866428	9.81453239927405	9.73237944639136	9.71669891025063	9.28545640560908	9.17000327053447	9.68986151151555	9.98987120943391	9.36802893991616	NA	NA	NA	NA	NA	NA	NA	NA	NA	NA	NA	NA	NA	NA	NA	NA	NA	NA	NA	NA	NA	NA	NA	NA	NA	6.12396460786543	6.07616777708445	6.01359760340072	6.38919132179204	6.51856374997566	6.03075072470786	6.09291727134245	7.04745444537417	6.24071906914304	6.40372218605101	6.18532597387896	6.0777867819013	6.22327041814267	6.16444987137616	6.09739372231255	6.10725671061497	6.18171697877394	6.25194856533444	6.1750769480359	5.97693291326592	6.03974989125669	6.18231910526051	6.20649641636489	6.34443041866515	6.15312975889933	6.09099453222059	6.09419767527907	6.27640642952318	6.2837197754752	6.23637665077215	6.13489298528755	6.16627722442717	6.2171131898436
SSX2	NA	NA	NA	NA	NA	NA	NA	NA	NA	NA	NA	NA	NA	NA	NA	NA	NA	NA	NA	NA	NA	NA	NA	NA	NA	NA	NA	NA	NA	NA	NA	NA	NA	NA	NA	NA	NA	NA	NA	NA	NA	NA	NA	NA	NA	NA	NA	NA	NA	NA	NA	NA	NA	NA	NA	NA	NA	NA	NA	NA	NA	NA	NA	NA	NA	NA	NA	NA	NA	NA	NA	NA	NA	NA	NA	NA	NA	NA	NA	NA	NA	NA	NA	NA	NA	NA	NA	NA	NA	NA	NA	NA	NA	NA	NA	NA	NA	NA	NA	NA	NA	NA	NA	NA	NA	NA	NA	NA	NA	NA	NA	NA	NA	NA	NA	NA	NA	NA	NA	NA	NA	NA	NA	NA	NA	NA	NA	NA	NA	NA	NA	NA	10.9757472301352	10.5293924242275	10.640040121813	10.7447353109272	10.4351004922312	10.1273293870426	10.5243733663068	10.9927945373263	10.6361997694885	10.7457662225138	10.5470752676215	10.5933765323555	11.1602259767356	10.8886659663879	10.728804057926	10.9488976037776	10.9886292179155	10.4037194126588	10.8000024853198	10.2259417047691	10.7028896331411	10.7153185523313	10.6980059905992	10.445621123858	11.0711585567835	10.9290965587688	10.9487664546074	10.3241629629624	10.4352551659878	10.6655094143726	10.9599113986652	10.7772103587165	NA	NA	NA	NA	NA	NA	NA	NA	NA	NA	NA	NA	NA	NA	NA	NA	NA	NA	NA	NA	NA	NA	NA	NA	NA	6.43538614467065	6.51856374997566	6.47916783669856	5.97866713037688	6.00068293257649	6.32629328744876	6.49452228310566	6.05034338568964	6.12051280731723	5.95137303151935	6.34443041866515	6.4366484555753	5.9435804049377	6.45221003521715	6.48259408607355	6.44595538638083	6.31480636577518	6.0203486453918	6.37582929999019	6.32629328744876	6.26366043970818	6.11988431894272	5.92750862668701	6.08424469349414	6.27018912491574	6.35354785261418	6.34308474648393	6.0260622965862	6.13302541863078	5.97519660899943	6.18802680781762	6.06184164225729	5.99897499459924
STK32A	NA	NA	NA	NA	NA	NA	NA	NA	NA	NA	NA	NA	NA	NA	NA	NA	NA	NA	NA	NA	NA	NA	NA	NA	NA	NA	NA	NA	NA	NA	NA	NA	NA	NA	NA	NA	NA	NA	NA	NA	NA	NA	NA	NA	NA	NA	NA	NA	NA	NA	NA	NA	NA	NA	NA	NA	NA	NA	NA	NA	NA	NA	NA	NA	NA	NA	NA	NA	NA	NA	NA	NA	NA	NA	NA	NA	NA	NA	NA	NA	NA	NA	NA	NA	NA	NA	NA	NA	NA	NA	NA	NA	NA	NA	NA	NA	NA	NA	NA	NA	NA	NA	NA	NA	NA	NA	NA	NA	NA	NA	NA	NA	NA	NA	NA	NA	NA	NA	NA	NA	NA	NA	NA	NA	NA	NA	NA	NA	NA	NA	NA	NA	7.66971553544396	7.92369888329507	7.7238742188639	7.81987969983001	7.80433272618762	7.7688046164558	7.5757165002441	7.71037597120447	7.65681587539076	7.38235383366451	7.62067804213541	7.60865910810663	7.75034061406726	7.34789814459601	7.46862404291802	7.46077583400436	7.6730329669618	7.74635685892512	7.69392248808101	7.9845964704049	7.18905236219034	7.62662165235837	7.56539963328369	7.8317030992143	7.74525414195726	7.7214196570453	7.64520808277468	7.74819284958946	7.7621743819931	7.75811909036878	7.86312153215839	7.52997951326357	NA	NA	NA	NA	NA	NA	NA	NA	NA	NA	NA	NA	NA	NA	NA	NA	NA	NA	NA	NA	NA	NA	NA	NA	NA	NA	NA	NA	NA	NA	NA	NA	NA	NA	NA	NA	NA	NA	NA	NA	NA	NA	NA	NA	NA	NA	NA	NA	NA	NA	NA	NA	NA	NA	NA	NA	NA	NA
TGFB1I1	NA	NA	NA	NA	NA	NA	NA	NA	NA	NA	NA	NA	NA	NA	NA	NA	NA	NA	NA	NA	NA	NA	NA	NA	NA	NA	NA	NA	NA	NA	NA	NA	NA	NA	NA	NA	NA	NA	NA	NA	NA	NA	NA	NA	NA	NA	NA	NA	NA	NA	NA	NA	NA	NA	NA	NA	NA	NA	NA	NA	NA	NA	NA	NA	NA	NA	NA	NA	NA	NA	NA	NA	NA	NA	NA	NA	NA	NA	NA	NA	NA	NA	NA	NA	NA	NA	NA	NA	NA	NA	NA	NA	NA	NA	NA	NA	NA	NA	NA	NA	NA	NA	NA	NA	NA	NA	NA	NA	NA	NA	NA	NA	NA	NA	NA	NA	NA	NA	NA	NA	NA	NA	NA	NA	NA	NA	NA	NA	NA	NA	NA	NA	8.22821744229344	8.06726628304434	9.91524918223935	8.45391363221215	8.13679090182985	8.35796430136989	8.31047077712761	8.37951374876712	10.1657902754823	8.51150559579248	7.76694294075579	8.02262789085403	8.48991066313791	8.57795982713664	8.57666148413404	8.1877386785143	8.10827941303391	10.0702467554189	8.53767341848018	8.38983296909117	8.35338808173167	9.2064802288746	8.3548003443506	8.31142903657818	8.23556552293647	9.08152504729523	8.26535865527096	8.29117069932186	8.19564134182025	9.38373803775307	8.40177950600357	7.97073504461313	NA	NA	NA	NA	NA	NA	NA	NA	NA	NA	NA	NA	NA	NA	NA	NA	NA	NA	NA	NA	NA	NA	NA	NA	NA	NA	NA	NA	NA	NA	NA	NA	NA	NA	NA	NA	NA	NA	NA	NA	NA	NA	NA	NA	NA	NA	NA	NA	NA	NA	NA	NA	NA	NA	NA	NA	NA	NA
TSPAN18	NA	NA	NA	NA	NA	NA	NA	NA	NA	NA	NA	NA	NA	NA	NA	NA	NA	NA	NA	NA	NA	NA	NA	NA	NA	NA	NA	NA	NA	NA	NA	NA	NA	NA	NA	NA	NA	NA	NA	NA	NA	NA	NA	NA	NA	NA	NA	NA	NA	NA	NA	NA	NA	NA	NA	NA	NA	NA	NA	NA	NA	NA	NA	NA	NA	NA	NA	NA	NA	NA	NA	NA	NA	NA	NA	NA	NA	NA	NA	NA	NA	NA	NA	NA	NA	NA	NA	NA	NA	NA	NA	NA	NA	NA	NA	NA	NA	NA	NA	NA	NA	NA	NA	NA	NA	NA	NA	NA	NA	NA	NA	NA	NA	NA	NA	NA	NA	NA	NA	NA	NA	NA	NA	NA	NA	NA	NA	NA	NA	NA	NA	NA	9.12440407044431	9.17434056100627	8.7048222637795	9.39897744303031	9.23470518387937	9.53985550916242	9.35588443707363	9.11934644939899	8.47763179745052	9.19225428043476	9.06821146556437	9.24123837912341	9.4710718486757	8.92807880076542	9.3593034526506	8.7469341363723	9.24185284259575	8.52753809449607	8.84026159968585	9.40832974076739	9.18276289504583	8.80203666601759	9.29084683377873	9.25240672930541	9.1879705919842	8.94182708214003	9.23944935951928	9.54366624415973	9.52270412079825	8.92165501078505	9.39494828983982	9.13584954130441	NA	NA	NA	NA	NA	NA	NA	NA	NA	NA	NA	NA	NA	NA	NA	NA	NA	NA	NA	NA	NA	NA	NA	NA	NA	NA	NA	NA	NA	NA	NA	NA	NA	NA	NA	NA	NA	NA	NA	NA	NA	NA	NA	NA	NA	NA	NA	NA	NA	NA	NA	NA	NA	NA	NA	NA	NA	NA
CBLL2	NA	NA	NA	NA	NA	NA	NA	NA	NA	NA	NA	NA	NA	NA	NA	NA	NA	NA	NA	NA	NA	NA	NA	NA	NA	NA	NA	NA	NA	NA	NA	NA	NA	NA	NA	NA	NA	NA	NA	NA	NA	NA	NA	NA	NA	NA	NA	NA	NA	NA	NA	NA	NA	NA	NA	NA	NA	NA	NA	NA	NA	NA	NA	NA	NA	NA	NA	NA	NA	NA	NA	NA	NA	NA	NA	NA	NA	NA	NA	NA	NA	NA	NA	NA	NA	NA	NA	NA	NA	NA	NA	NA	NA	NA	NA	NA	NA	NA	NA	NA	NA	NA	NA	NA	NA	NA	NA	NA	NA	NA	NA	NA	NA	NA	NA	NA	NA	NA	NA	NA	NA	NA	NA	NA	NA	NA	NA	NA	NA	NA	NA	NA	NA	NA	NA	NA	NA	NA	NA	NA	NA	NA	NA	NA	NA	NA	NA	NA	NA	NA	NA	NA	NA	NA	NA	NA	NA	NA	NA	NA	NA	NA	NA	NA	NA	NA	NA	NA	NA	NA	NA	NA	NA	NA	NA	NA	NA	NA	NA	NA	NA	NA	NA	NA	NA	NA	NA	NA	NA	6.6171613231093	6.80148791502561	6.69791531672555	6.99452486993385	6.92607132142154	6.74350844003298	6.62559816025794	6.72006284426144	6.89573591712299	6.59291000274775	7.1750013172508	7.30474886068874	7.06053218444932	6.67028070794955	6.80510872184481	6.96770659679312	7.00017076345417	7.29169396472997	6.99897499459924	6.7404451752947	6.97675937684412	6.70547530803839	6.87976887686997	7.35394876828743	6.86381083376744	6.97953345781593	7.08440577148693	6.85316776022533	6.94517777920041	7.26692847537364	7.15312975889933	7.31912468649907	7.26707039608999
CEL	NA	NA	NA	NA	NA	NA	NA	NA	NA	NA	NA	NA	NA	NA	NA	NA	NA	NA	NA	NA	NA	NA	NA	NA	NA	NA	NA	NA	NA	NA	NA	NA	NA	NA	NA	NA	NA	NA	NA	NA	NA	NA	NA	NA	NA	NA	NA	NA	NA	NA	NA	NA	NA	NA	NA	NA	NA	NA	NA	NA	NA	NA	NA	NA	NA	NA	NA	NA	NA	NA	NA	NA	NA	NA	NA	NA	NA	NA	NA	NA	NA	NA	NA	NA	NA	NA	NA	NA	NA	NA	NA	NA	NA	NA	NA	NA	NA	NA	NA	NA	NA	NA	NA	NA	NA	NA	NA	NA	NA	NA	NA	NA	NA	NA	NA	NA	NA	NA	NA	NA	NA	NA	NA	NA	NA	NA	NA	NA	NA	NA	NA	NA	NA	NA	NA	NA	NA	NA	NA	NA	NA	NA	NA	NA	NA	NA	NA	NA	NA	NA	NA	NA	NA	NA	NA	NA	NA	NA	NA	NA	NA	NA	NA	NA	NA	NA	NA	NA	NA	NA	NA	NA	NA	NA	NA	NA	NA	NA	NA	NA	NA	NA	NA	NA	NA	NA	NA	NA	NA	6.32574836013695	6.45744306554384	6.43361705181759	6.04968356631345	6.11295281600439	6.17719300190635	6.42753506828324	5.96263314753551	6.00341143464914	5.91741728872871	6.33633749332454	6.40398034030434	6.0506731822486	5.93217000405688	6.55691240676339	6.23521646169403	6.36923380966572	5.96892855406699	6.37582929999019	6.4178525148859	6.34738648665471	6.11988431894272	6.29656864489325	6.2171131898436	6.31260797290653	6.27358370304866	6.15925976617114	6.11956997205382	6.22619322108906	6.13302541863078	6.21240426672094	6.23231190053398	6.02404829666737
FBXL8	NA	NA	NA	NA	NA	NA	NA	NA	NA	NA	NA	NA	NA	NA	NA	NA	NA	NA	NA	NA	NA	NA	NA	NA	NA	NA	NA	NA	NA	NA	NA	NA	NA	NA	NA	NA	NA	NA	NA	NA	NA	NA	NA	NA	NA	NA	NA	NA	NA	NA	NA	NA	NA	NA	NA	NA	NA	NA	NA	NA	NA	NA	NA	NA	NA	NA	NA	NA	NA	NA	NA	NA	NA	NA	NA	NA	NA	NA	NA	NA	NA	NA	NA	NA	NA	NA	NA	NA	NA	NA	NA	NA	NA	NA	NA	NA	NA	NA	NA	NA	NA	NA	NA	NA	NA	NA	NA	NA	NA	NA	NA	NA	NA	NA	NA	NA	NA	NA	NA	NA	NA	NA	NA	NA	NA	NA	NA	NA	NA	NA	NA	NA	NA	NA	NA	NA	NA	NA	NA	NA	NA	NA	NA	NA	NA	NA	NA	NA	NA	NA	NA	NA	NA	NA	NA	NA	NA	NA	NA	NA	NA	NA	NA	NA	NA	NA	NA	NA	NA	NA	NA	NA	NA	NA	NA	NA	NA	NA	NA	NA	NA	NA	NA	NA	NA	NA	NA	NA	NA	6.30239660239225	6.30957970245972	6.35701875935572	5.97866713037688	6.10153802646206	6.13955135239879	6.36870486555681	6.00443329400544	6.26394491078095	6.09835115739308	6.48601221774061	6.20175265527741	5.9435804049377	6.34658088679708	6.38814778102981	6.38187063534364	6.23782557631413	6.31260797290653	6.45868623239448	6.47278313333109	6.4225745073815	6.14110080485241	6.28034899113596	6.17477440110371	6.29127536758765	6.49379481269396	6.14326724638067	6.05001351372275	6.16901392149988	6.09643565141455	6.28034899113596	6.19012396638154	6.07616777708445
IFIT2	NA	NA	NA	NA	NA	NA	NA	NA	NA	NA	NA	NA	NA	NA	NA	NA	NA	NA	NA	NA	NA	NA	NA	NA	NA	NA	NA	NA	NA	NA	NA	NA	NA	NA	NA	NA	NA	NA	NA	NA	NA	NA	NA	NA	NA	NA	NA	NA	NA	NA	NA	NA	NA	NA	NA	NA	NA	NA	NA	NA	NA	NA	NA	NA	NA	NA	NA	NA	NA	NA	NA	NA	NA	NA	NA	NA	NA	NA	NA	NA	NA	NA	NA	NA	NA	NA	NA	NA	NA	NA	NA	NA	NA	NA	NA	NA	NA	NA	NA	NA	NA	NA	NA	NA	NA	NA	NA	NA	NA	NA	NA	NA	NA	NA	NA	NA	NA	NA	NA	NA	NA	NA	NA	NA	NA	NA	NA	NA	NA	NA	NA	NA	NA	NA	NA	NA	NA	NA	NA	NA	NA	NA	NA	NA	NA	NA	NA	NA	NA	NA	NA	NA	NA	NA	NA	NA	NA	NA	NA	NA	NA	NA	NA	NA	NA	NA	NA	NA	NA	NA	NA	NA	NA	NA	NA	NA	NA	NA	NA	NA	NA	NA	NA	NA	NA	NA	NA	NA	NA	9.5352753766208	9.64068314566937	9.5017768829089	9.51814645011175	9.71020635979922	9.57215472442054	9.58219901644989	8.68652705487109	9.76657910064371	9.57159465247882	9.51507259904021	9.60321888934458	9.38899571538663	9.43374348756027	9.43465981546399	9.60910876520384	9.60150350412613	9.9667020713324	9.40565721791559	9.6252937387483	9.78646765723471	9.63105300803698	9.68395159535252	9.96198675178182	9.73756744541266	9.62307782963893	10.2295107266565	9.82308975344898	9.64035450106317	9.70036089742149	9.30999302291546	9.38304968243474	9.23514391888869
KCNK18	NA	NA	NA	NA	NA	NA	NA	NA	NA	NA	NA	NA	NA	NA	NA	NA	NA	NA	NA	NA	NA	NA	NA	NA	NA	NA	NA	NA	NA	NA	NA	NA	NA	NA	NA	NA	NA	NA	NA	NA	NA	NA	NA	NA	NA	NA	NA	NA	NA	NA	NA	NA	NA	NA	NA	NA	NA	NA	NA	NA	NA	NA	NA	NA	NA	NA	NA	NA	NA	NA	NA	NA	NA	NA	NA	NA	NA	NA	NA	NA	NA	NA	NA	NA	NA	NA	NA	NA	NA	NA	NA	NA	NA	NA	NA	NA	NA	NA	NA	NA	NA	NA	NA	NA	NA	NA	NA	NA	NA	NA	NA	NA	NA	NA	NA	NA	NA	NA	NA	NA	NA	NA	NA	NA	NA	NA	NA	NA	NA	NA	NA	NA	NA	NA	NA	NA	NA	NA	NA	NA	NA	NA	NA	NA	NA	NA	NA	NA	NA	NA	NA	NA	NA	NA	NA	NA	NA	NA	NA	NA	NA	NA	NA	NA	NA	NA	NA	NA	NA	NA	NA	NA	NA	NA	NA	NA	NA	NA	NA	NA	NA	NA	NA	NA	NA	NA	NA	NA	NA	9.44928936179017	8.9721095130549	9.05692503506482	9.02434218015774	9.06714912639126	9.05987700957844	9.34005238698272	8.99972246627073	9.08301588206098	9.36594128717058	8.91795968927682	9.04869327108576	9.43108600723702	8.88943482411925	9.12000218137004	8.94619739870421	8.81901783958318	8.34503556188787	9.32716134015318	9.25019073400698	9.26405157297366	8.8151406670242	9.29489918082164	8.37599380154006	9.41009796631156	9.36383609431146	8.36837417698157	9.24618277091923	9.19658349920584	8.9270596225936	9.35546789559778	9.2008614609481	9.17730627439421
MMP1	NA	NA	NA	NA	NA	NA	NA	NA	NA	NA	NA	NA	NA	NA	NA	NA	NA	NA	NA	NA	NA	NA	NA	NA	NA	NA	NA	NA	NA	NA	NA	NA	NA	NA	NA	NA	NA	NA	NA	NA	NA	NA	NA	NA	NA	NA	NA	NA	NA	NA	NA	NA	NA	NA	NA	NA	NA	NA	NA	NA	NA	NA	NA	NA	NA	NA	NA	NA	NA	NA	NA	NA	NA	NA	NA	NA	NA	NA	NA	NA	NA	NA	NA	NA	NA	NA	NA	NA	NA	NA	NA	NA	NA	NA	NA	NA	NA	NA	NA	NA	NA	NA	NA	NA	NA	NA	NA	NA	NA	NA	NA	NA	NA	NA	NA	NA	NA	NA	NA	NA	NA	NA	NA	NA	NA	NA	NA	NA	NA	NA	NA	NA	NA	NA	NA	NA	NA	NA	NA	NA	NA	NA	NA	NA	NA	NA	NA	NA	NA	NA	NA	NA	NA	NA	NA	NA	NA	NA	NA	NA	NA	NA	NA	NA	NA	NA	NA	NA	NA	NA	NA	NA	NA	NA	NA	NA	NA	NA	NA	NA	NA	NA	NA	NA	NA	NA	NA	NA	NA	7.43765750967546	7.32343012005259	7.22209963695373	7.23020243101827	7.30114973475157	7.49379481269396	7.48155483453197	6.26422932577269	7.58040133650178	7.44288068121757	7.12474795752951	7.08842688742112	6.99143595347656	7.34335398135284	7.29642959665056	7.29099623533547	7.27894216992172	7.53751256995031	7.23623167815072	7.33539035469393	7.16208610951614	7.05413150202101	7.07211229838962	7.65783268770503	7.12631338198962	7.32076636706033	7.53126329883551	7.59765757356952	7.33390073655344	6.81378119121704	7.11626518785893	6.9933244103952	7.0483630215614
OASL	NA	NA	NA	NA	NA	NA	NA	NA	NA	NA	NA	NA	NA	NA	NA	NA	NA	NA	NA	NA	NA	NA	NA	NA	NA	NA	NA	NA	NA	NA	NA	NA	NA	NA	NA	NA	NA	NA	NA	NA	NA	NA	NA	NA	NA	NA	NA	NA	NA	NA	NA	NA	NA	NA	NA	NA	NA	NA	NA	NA	NA	NA	NA	NA	NA	NA	NA	NA	NA	NA	NA	NA	NA	NA	NA	NA	NA	NA	NA	NA	NA	NA	NA	NA	NA	NA	NA	NA	NA	NA	NA	NA	NA	NA	NA	NA	NA	NA	NA	NA	NA	NA	NA	NA	NA	NA	NA	NA	NA	NA	NA	NA	NA	NA	NA	NA	NA	NA	NA	NA	NA	NA	NA	NA	NA	NA	NA	NA	NA	NA	NA	NA	NA	NA	NA	NA	NA	NA	NA	NA	NA	NA	NA	NA	NA	NA	NA	NA	NA	NA	NA	NA	NA	NA	NA	NA	NA	NA	NA	NA	NA	NA	NA	NA	NA	NA	NA	NA	NA	NA	NA	NA	NA	NA	NA	NA	NA	NA	NA	NA	NA	NA	NA	NA	NA	NA	NA	NA	NA	10.2154502677091	9.96208537324564	10.0230612497353	9.87820189696638	9.9779086668872	9.70361523627155	10.0247514181392	8.80686691507095	9.61293828811817	9.90679951350104	9.39184568535146	9.72090493082104	10.1442913045644	9.7091621581498	10.0207905798541	9.91703296492274	9.65991483076169	9.44474824787434	10.0708121337948	9.73309237843806	9.76275951981903	9.74419677915672	9.78712343615539	9.39566395302619	9.96176756883344	9.90079821111219	9.55665119355807	9.65050783207011	9.56204001172816	9.66545705196527	10.116895254488	9.79338162335572	10.099387662206
BCL3	5.03621056851794	4.7353575310282	5.77224934149721	7.92885313781347	3.47351425604201	5.54641826779979	4.91513809401862	5.17715006394588	6.66606936347109	4.13829217170525	6.62019714888022	4.0021218475067	7.21738478375467	3.05864226441724	4.24716283114181	4.53486070083898	4.87338084153146	4.71321362536546	5.18969885856445	4.41734034850561	4.94807979183635	4.64373581930108	6.58336309679866	6.52537296141994	3.8731010224949	6.01062221122582	5.4050914094727	5.30325799592443	4.05747444427873	4.17588420835258	5.63625384130029	4.65668562851158	4.83398715119943	4.07029485328653	5.19918747441239	3.60138299526753	4.47050795139769	4.41319699333297	3.3193588868315	4.88582029698633	7.18245599010772	3.75729394817783	6.02942874582546	5.07383937126947	4.72284134536283	6.24700583920761	3.73168799905264	3.35118046517601	5.31448711091235	4.05146835831386	4.89822617842456	4.99667779959595	4.9357461532842	4.41719501018913	4.66185612812464	6.20915204813083	5.0836452954101	3.35982063747249	4.21811941806281	4.5805099567071	6.50245787789351	4.40856128438989	3.34052192277413	4.05429198349773	4.7633672840864	3.58092602158566	4.4428298839281	4.86723799779449	5.70662957397012	3.85048599188087	4.39838436545901	5.60464221866231	3.93398685541174	4.60932178472397	5.04206570203234	5.48599966287975	4.74185123861999	5.04947401522338	5.54468139573555	4.87035938043868	3.63912912570864	5.04199210905915	4.64526390319441	6.09264462104979	5.24955761090216	5.36920034361374	7.03048151031733	3.90212763940853	5.5640937758152	3.10185032636721	5.59132994400939	4.56806361537167	3.87555255261232	5.13874482943035	5.09967427549544	4.89351042109656	5.83913187602916	5.13807578287228	5.27217022919365	5.42124580368629	3.57615341049177	6.44826903944528	5.58988454165534	4.6932581624231	3.61137353159801	4.45136354487523	3.69316524926155	3.81928127399033	6.04719354819779	7.10255897388938	4.35579485576229	5.18126118427035	4.28675547773045	4.76956668806904	5.00029011671867	2.63460249680603	2.69292107042888	3.236402021025	4.75421036234252	5.27275278408388	5.63103893458316	5.08076706973709	4.97734596821269	6.12224088498523	4.57155654798411	4.20796375396147	4.98009267374829	5.48874301684396	5.76946611340843	4.60682743756786	6.11565995422191	3.01343078536335	4.66472682821809	3.50019934944684	5.12331489611352	3.96121009819516	4.85167270264793	4.66438230687582	5.16161446990485	4.07403849108742	6.22567460370582	4.59996745179824	7.1757038284874	5.34679039174037	3.87880676497907	4.1560333742826	5.08672348917713	5.2442868965913	6.67890169586047	3.26267773265915	5.66803195682197	4.42970351742197	3.76930116361618	5.00631897724071	5.00191670425109	5.31084519546323	5.41438870767659	6.08998547643373	4.29058739253402	3.02524616360838	4.35656572603817	7.16481595239829	4.22607678967864	7.13744840194376	4.89314009268875	6.55487975369175	5.1474201345888	3.86231717725303	5.69896655768769	4.76202324372173	4.7614969914542	6.90502602553351	4.60680685423796	4.13900592621276	6.25238021164038	5.25146924716216	4.6636289193705	3.67478123499173	6.2180019468516	6.75829194758226	4.46063970009699	2.80867437249505	5.21873502825982	3.82805415351201	6.47280205328456	5.17001155267762	5.4815193839573	4.8295604091968	5.07568717398592	6.77570295674648	5.8027343099318	5.11534053388559	5.78390723140477	3.95398110107736	3.45496573118764	5.35293762260159	5.54053802417149	4.53541535105998	5.43911033873369	3.54307806617411	5.92026927955709	5.76622264408647	5.3572558487598	7.01186583858214	5.54593478016204	4.40582181188623	5.89194049617003	6.23983793513246	4.8322256916581	5.62328073651112	4.60849617948997	4.90166738365327	4.5863564605115	5.28439346912924	5.23606151173243	4.51918803870104	5.1981582832597	6.40711924505438	6.29206136756986	5.80981663260311	4.24006136018478	3.76651575322685
GFAP	6.03621056851794	5.7353575310282	6.77224934149721	8.92885313781347	4.47351425604201	6.54641826779979	5.91513809401862	6.17715006394588	7.66606936347109	5.13829217170525	7.62019714888022	5.0021218475067	8.21738478375467	4.05864226441724	5.24716283114181	5.53486070083898	5.87338084153146	5.71321362536546	6.18969885856445	5.41734034850561	5.94807979183635	5.64373581930108	7.58336309679866	7.52537296141994	4.8731010224949	7.01062221122582	6.4050914094727	6.30325799592443	5.05747444427873	5.17588420835258	6.63625384130029	5.65668562851158	5.83398715119943	5.07029485328653	6.19918747441239	4.60138299526753	5.47050795139769	5.41319699333297	4.3193588868315	5.88582029698633	8.18245599010772	4.75729394817783	7.02942874582546	6.07383937126947	5.72284134536283	7.24700583920761	4.73168799905264	4.35118046517601	6.31448711091235	5.05146835831386	5.89822617842456	5.99667779959595	5.9357461532842	5.41719501018913	5.66185612812464	7.20915204813083	6.0836452954101	4.35982063747249	5.21811941806281	5.5805099567071	7.50245787789351	5.40856128438989	4.34052192277413	5.05429198349773	5.7633672840864	4.58092602158566	5.4428298839281	5.86723799779449	6.70662957397012	4.85048599188087	5.39838436545901	6.60464221866231	4.93398685541174	5.60932178472397	6.04206570203234	6.48599966287975	5.74185123861999	6.04947401522338	6.54468139573555	5.87035938043868	4.63912912570864	6.04199210905915	5.64526390319441	7.09264462104979	6.24955761090216	6.36920034361374	8.03048151031733	4.90212763940853	6.5640937758152	4.10185032636721	6.59132994400939	5.56806361537167	4.87555255261232	6.13874482943035	6.09967427549544	5.89351042109656	6.83913187602916	6.13807578287228	6.27217022919365	6.42124580368629	4.57615341049177	7.44826903944528	6.58988454165534	5.6932581624231	4.61137353159801	5.45136354487523	4.69316524926155	4.81928127399033	7.04719354819779	8.10255897388938	5.35579485576229	6.18126118427035	5.28675547773045	5.76956668806904	6.00029011671867	3.63460249680603	3.69292107042888	4.236402021025	5.75421036234252	6.27275278408388	6.63103893458316	6.08076706973709	5.97734596821269	7.12224088498523	5.57155654798411	5.20796375396147	5.98009267374829	6.48874301684396	6.76946611340843	5.60682743756786	7.11565995422191	4.01343078536335	5.66472682821809	4.50019934944684	6.12331489611352	4.96121009819516	5.85167270264793	5.66438230687582	6.16161446990485	5.07403849108742	7.22567460370582	5.59996745179824	8.1757038284874	6.34679039174037	4.87880676497907	5.1560333742826	6.08672348917713	6.2442868965913	7.67890169586047	4.26267773265915	6.66803195682197	5.42970351742197	4.76930116361618	6.00631897724071	6.00191670425109	6.31084519546323	6.41438870767659	7.08998547643373	5.29058739253402	4.02524616360838	5.35656572603817	8.16481595239829	5.22607678967864	8.13744840194376	5.89314009268875	7.55487975369175	6.1474201345888	4.86231717725303	6.69896655768769	5.76202324372173	5.7614969914542	7.90502602553351	5.60680685423796	5.13900592621276	7.25238021164038	6.25146924716216	5.6636289193705	4.67478123499173	7.2180019468516	7.75829194758226	5.46063970009699	3.80867437249505	6.21873502825982	4.82805415351201	7.47280205328456	6.17001155267762	6.4815193839573	5.8295604091968	6.07568717398592	7.77570295674648	6.8027343099318	6.11534053388559	6.78390723140477	4.95398110107736	4.45496573118764	6.35293762260159	6.54053802417149	5.53541535105998	6.43911033873369	4.54307806617411	6.92026927955709	6.76622264408647	6.3572558487598	8.01186583858214	6.54593478016204	5.40582181188623	6.89194049617003	7.23983793513246	5.8322256916581	6.62328073651112	5.60849617948997	5.90166738365327	5.5863564605115	6.28439346912924	6.23606151173243	5.51918803870104	6.1981582832597	7.40711924505438	7.29206136756986	6.80981663260311	5.24006136018478	4.76651575322685
NOD2	6.03621056851794	5.7353575310282	6.77224934149721	8.92885313781347	4.47351425604201	6.54641826779979	5.91513809401862	6.17715006394588	7.66606936347109	5.13829217170525	7.62019714888022	5.0021218475067	8.21738478375467	4.05864226441724	5.24716283114181	5.53486070083898	5.87338084153146	5.71321362536546	6.18969885856445	5.41734034850561	5.94807979183635	5.64373581930108	7.58336309679866	7.52537296141994	4.8731010224949	7.01062221122582	6.4050914094727	6.30325799592443	5.05747444427873	5.17588420835258	6.63625384130029	5.65668562851158	5.83398715119943	5.07029485328653	6.19918747441239	4.60138299526753	5.47050795139769	5.41319699333297	4.3193588868315	5.88582029698633	8.18245599010772	4.75729394817783	7.02942874582546	6.07383937126947	5.72284134536283	7.24700583920761	4.73168799905264	4.35118046517601	6.31448711091235	5.05146835831386	5.89822617842456	5.99667779959595	5.9357461532842	5.41719501018913	5.66185612812464	7.20915204813083	6.0836452954101	4.35982063747249	5.21811941806281	5.5805099567071	7.50245787789351	5.40856128438989	4.34052192277413	5.05429198349773	5.7633672840864	4.58092602158566	5.4428298839281	5.86723799779449	6.70662957397012	4.85048599188087	5.39838436545901	6.60464221866231	4.93398685541174	5.60932178472397	6.04206570203234	6.48599966287975	5.74185123861999	6.04947401522338	6.54468139573555	5.87035938043868	4.63912912570864	6.04199210905915	5.64526390319441	7.09264462104979	6.24955761090216	6.36920034361374	8.03048151031733	4.90212763940853	6.5640937758152	4.10185032636721	6.59132994400939	5.56806361537167	4.87555255261232	6.13874482943035	6.09967427549544	5.89351042109656	6.83913187602916	6.13807578287228	6.27217022919365	6.42124580368629	4.57615341049177	7.44826903944528	6.58988454165534	5.6932581624231	4.61137353159801	5.45136354487523	4.69316524926155	4.81928127399033	7.04719354819779	8.10255897388938	5.35579485576229	6.18126118427035	5.28675547773045	5.76956668806904	6.00029011671867	3.63460249680603	3.69292107042888	4.236402021025	5.75421036234252	6.27275278408388	6.63103893458316	6.08076706973709	5.97734596821269	7.12224088498523	5.57155654798411	5.20796375396147	5.98009267374829	6.48874301684396	6.76946611340843	5.60682743756786	7.11565995422191	4.01343078536335	5.66472682821809	4.50019934944684	6.12331489611352	4.96121009819516	5.85167270264793	5.66438230687582	6.16161446990485	5.07403849108742	7.22567460370582	5.59996745179824	8.1757038284874	6.34679039174037	4.87880676497907	5.1560333742826	6.08672348917713	6.2442868965913	7.67890169586047	4.26267773265915	6.66803195682197	5.42970351742197	4.76930116361618	6.00631897724071	6.00191670425109	6.31084519546323	6.41438870767659	7.08998547643373	5.29058739253402	4.02524616360838	5.35656572603817	8.16481595239829	5.22607678967864	8.13744840194376	5.89314009268875	7.55487975369175	6.1474201345888	4.86231717725303	6.69896655768769	5.76202324372173	5.7614969914542	7.90502602553351	5.60680685423796	5.13900592621276	7.25238021164038	6.25146924716216	5.6636289193705	4.67478123499173	7.2180019468516	7.75829194758226	5.46063970009699	3.80867437249505	6.21873502825982	4.82805415351201	7.47280205328456	6.17001155267762	6.4815193839573	5.8295604091968	6.07568717398592	7.77570295674648	6.8027343099318	6.11534053388559	6.78390723140477	4.95398110107736	4.45496573118764	6.35293762260159	6.54053802417149	5.53541535105998	6.43911033873369	4.54307806617411	6.92026927955709	6.76622264408647	6.3572558487598	8.01186583858214	6.54593478016204	5.40582181188623	6.89194049617003	7.23983793513246	5.8322256916581	6.62328073651112	5.60849617948997	5.90166738365327	5.5863564605115	6.28439346912924	6.23606151173243	5.51918803870104	6.1981582832597	7.40711924505438	7.29206136756986	6.80981663260311	5.24006136018478	4.76651575322685
